file,line,type,commit,author,date,time,timezone,datetime,depth,length
style.css,1,css,3c4c3d9e,Zach Cochran,2025-04-11,18:46:06,-07:00,2025-04-11T18:46:06-07:00,0,6
style.css,2,css,3c4c3d9e,Zach Cochran,2025-04-11,18:46:06,-07:00,2025-04-11T18:46:06-07:00,0,32
style.css,3,css,3c4c3d9e,Zach Cochran,2025-04-11,18:46:06,-07:00,2025-04-11T18:46:06-07:00,0,33
style.css,4,css,5ef1c866,Zach Cochran,2025-04-17,15:49:54,-07:00,2025-04-17T15:49:54-07:00,0,24
style.css,5,css,3c4c3d9e,Zach Cochran,2025-04-11,18:46:06,-07:00,2025-04-11T18:46:06-07:00,0,0
style.css,6,css,d29198a1,Zach Cochran,2025-04-04,14:34:07,-07:00,2025-04-04T14:34:07-07:00,0,5
style.css,7,css,d29198a1,Zach Cochran,2025-04-04,14:34:07,-07:00,2025-04-04T14:34:07-07:00,0,44
style.css,8,css,d29198a1,Zach Cochran,2025-04-04,14:34:07,-07:00,2025-04-04T14:34:07-07:00,0,43
style.css,9,css,d29198a1,Zach Cochran,2025-04-04,14:34:07,-07:00,2025-04-04T14:34:07-07:00,0,1
style.css,10,css,d29198a1,Zach Cochran,2025-04-04,14:34:07,-07:00,2025-04-04T14:34:07-07:00,0,24
style.css,11,css,43615352,Zach Cochran,2025-04-10,19:46:49,-07:00,2025-04-10T19:46:49-07:00,0,16
style.css,12,css,43615352,Zach Cochran,2025-04-10,19:46:49,-07:00,2025-04-10T19:46:49-07:00,0,19
style.css,13,css,3c4c3d9e,Zach Cochran,2025-04-11,18:46:06,-07:00,2025-04-11T18:46:06-07:00,0,12
style.css,14,css,3c4c3d9e,Zach Cochran,2025-04-11,18:46:06,-07:00,2025-04-11T18:46:06-07:00,0,33
style.css,15,css,43615352,Zach Cochran,2025-04-10,19:46:49,-07:00,2025-04-10T19:46:49-07:00,0,0
style.css,16,css,43615352,Zach Cochran,2025-04-10,19:46:49,-07:00,2025-04-10T19:46:49-07:00,0,4
style.css,17,css,5ef1c866,Zach Cochran,2025-04-17,15:49:54,-07:00,2025-04-17T15:49:54-07:00,0,37
style.css,18,css,43615352,Zach Cochran,2025-04-10,19:46:49,-07:00,2025-04-10T19:46:49-07:00,0,13
style.css,19,css,43615352,Zach Cochran,2025-04-10,19:46:49,-07:00,2025-04-10T19:46:49-07:00,0,24
style.css,20,css,43615352,Zach Cochran,2025-04-10,19:46:49,-07:00,2025-04-10T19:46:49-07:00,0,26
style.css,21,css,5ef1c866,Zach Cochran,2025-04-17,15:49:54,-07:00,2025-04-17T15:49:54-07:00,0,40
style.css,22,css,43615352,Zach Cochran,2025-04-10,19:46:49,-07:00,2025-04-10T19:46:49-07:00,0,0
style.css,23,css,43615352,Zach Cochran,2025-04-10,19:46:49,-07:00,2025-04-10T19:46:49-07:00,0,2
style.css,24,css,43615352,Zach Cochran,2025-04-10,19:46:49,-07:00,2025-04-10T19:46:49-07:00,0,7
style.css,25,css,43615352,Zach Cochran,2025-04-10,19:46:49,-07:00,2025-04-10T19:46:49-07:00,0,21
style.css,26,css,43615352,Zach Cochran,2025-04-10,19:46:49,-07:00,2025-04-10T19:46:49-07:00,0,13
style.css,27,css,43615352,Zach Cochran,2025-04-10,19:46:49,-07:00,2025-04-10T19:46:49-07:00,0,18
style.css,28,css,43615352,Zach Cochran,2025-04-10,19:46:49,-07:00,2025-04-10T19:46:49-07:00,0,14
style.css,29,css,43615352,Zach Cochran,2025-04-10,19:46:49,-07:00,2025-04-10T19:46:49-07:00,0,18
style.css,30,css,43615352,Zach Cochran,2025-04-10,19:46:49,-07:00,2025-04-10T19:46:49-07:00,0,0
style.css,31,css,3c4c3d9e,Zach Cochran,2025-04-11,18:46:06,-07:00,2025-04-11T18:46:06-07:00,0,12
style.css,32,css,3c4c3d9e,Zach Cochran,2025-04-11,18:46:06,-07:00,2025-04-11T18:46:06-07:00,0,26
style.css,33,css,3c4c3d9e,Zach Cochran,2025-04-11,18:46:06,-07:00,2025-04-11T18:46:06-07:00,0,44
style.css,34,css,5ef1c866,Zach Cochran,2025-04-17,15:49:54,-07:00,2025-04-17T15:49:54-07:00,0,71
style.css,35,css,3c4c3d9e,Zach Cochran,2025-04-11,18:46:06,-07:00,2025-04-11T18:46:06-07:00,0,18
style.css,36,css,3c4c3d9e,Zach Cochran,2025-04-11,18:46:06,-07:00,2025-04-11T18:46:06-07:00,0,0
style.css,37,css,43615352,Zach Cochran,2025-04-10,19:46:49,-07:00,2025-04-10T19:46:49-07:00,0,10
style.css,38,css,43615352,Zach Cochran,2025-04-10,19:46:49,-07:00,2025-04-10T19:46:49-07:00,0,25
style.css,39,css,43615352,Zach Cochran,2025-04-10,19:46:49,-07:00,2025-04-10T19:46:49-07:00,0,26
style.css,40,css,43615352,Zach Cochran,2025-04-10,19:46:49,-07:00,2025-04-10T19:46:49-07:00,0,39
style.css,41,css,43615352,Zach Cochran,2025-04-10,19:46:49,-07:00,2025-04-10T19:46:49-07:00,0,18
style.css,42,css,5ef1c866,Zach Cochran,2025-04-17,15:49:54,-07:00,2025-04-17T15:49:54-07:00,0,0
style.css,43,css,5ef1c866,Zach Cochran,2025-04-17,15:49:54,-07:00,2025-04-17T15:49:54-07:00,0,0
style.css,44,css,5ef1c866,Zach Cochran,2025-04-17,15:49:54,-07:00,2025-04-17T15:49:54-07:00,0,14
style.css,45,css,5ef1c866,Zach Cochran,2025-04-17,15:49:54,-07:00,2025-04-17T15:49:54-07:00,0,18
style.css,46,css,5ef1c866,Zach Cochran,2025-04-17,15:49:54,-07:00,2025-04-17T15:49:54-07:00,0,9
style.css,47,css,5ef1c866,Zach Cochran,2025-04-17,15:49:54,-07:00,2025-04-17T15:49:54-07:00,0,11
style.css,48,css,5ef1c866,Zach Cochran,2025-04-17,15:49:54,-07:00,2025-04-17T15:49:54-07:00,0,14
style.css,49,css,5ef1c866,Zach Cochran,2025-04-17,15:49:54,-07:00,2025-04-17T15:49:54-07:00,0,20
style.css,50,css,5ef1c866,Zach Cochran,2025-04-17,15:49:54,-07:00,2025-04-17T15:49:54-07:00,0,16
style.css,51,css,5ef1c866,Zach Cochran,2025-04-17,15:49:54,-07:00,2025-04-17T15:49:54-07:00,0,14
style.css,52,css,5ef1c866,Zach Cochran,2025-04-17,15:49:54,-07:00,2025-04-17T15:49:54-07:00,0,0
style.css,53,css,5ef1c866,Zach Cochran,2025-04-17,15:49:54,-07:00,2025-04-17T15:49:54-07:00,0,0
style.css,54,css,5ef1c866,Zach Cochran,2025-04-17,15:49:54,-07:00,2025-04-17T15:49:54-07:00,0,21
style.css,55,css,5ef1c866,Zach Cochran,2025-04-17,15:49:54,-07:00,2025-04-17T15:49:54-07:00,0,20
style.css,56,css,5ef1c866,Zach Cochran,2025-04-17,15:49:54,-07:00,2025-04-17T15:49:54-07:00,0,15
style.css,57,css,5ef1c866,Zach Cochran,2025-04-17,15:49:54,-07:00,2025-04-17T15:49:54-07:00,0,18
style.css,58,css,5ef1c866,Zach Cochran,2025-04-17,15:49:54,-07:00,2025-04-17T15:49:54-07:00,0,17
style.css,59,css,5ef1c866,Zach Cochran,2025-04-17,15:49:54,-07:00,2025-04-17T15:49:54-07:00,0,51
style.css,60,css,5ef1c866,Zach Cochran,2025-04-17,15:49:54,-07:00,2025-04-17T15:49:54-07:00,0,18
style.css,61,css,5ef1c866,Zach Cochran,2025-04-17,15:49:54,-07:00,2025-04-17T15:49:54-07:00,0,16
style.css,62,css,1ba2de90,Zach Cochran,2025-04-24,18:47:04,-07:00,2025-04-24T18:47:04-07:00,0,0
style.css,63,css,1ba2de90,Zach Cochran,2025-04-24,18:47:04,-07:00,2025-04-24T18:47:04-07:00,0,15
style.css,64,css,1ba2de90,Zach Cochran,2025-04-24,18:47:04,-07:00,2025-04-24T18:47:04-07:00,0,25
style.css,65,css,1ba2de90,Zach Cochran,2025-04-24,18:47:04,-07:00,2025-04-24T18:47:04-07:00,0,22
style.css,66,css,1ba2de90,Zach Cochran,2025-04-24,18:47:04,-07:00,2025-04-24T18:47:04-07:00,0,13
style.css,67,css,1ba2de90,Zach Cochran,2025-04-24,18:47:04,-07:00,2025-04-24T18:47:04-07:00,0,18
style.css,68,css,1ba2de90,Zach Cochran,2025-04-24,18:47:04,-07:00,2025-04-24T18:47:04-07:00,0,14
style.css,69,css,1ba2de90,Zach Cochran,2025-04-24,18:47:04,-07:00,2025-04-24T18:47:04-07:00,0,0
style.css,70,css,1ba2de90,Zach Cochran,2025-04-24,18:47:04,-07:00,2025-04-24T18:47:04-07:00,0,0
style.css,71,css,1ba2de90,Zach Cochran,2025-04-24,18:47:04,-07:00,2025-04-24T18:47:04-07:00,0,18
style.css,72,css,1ba2de90,Zach Cochran,2025-04-24,18:47:04,-07:00,2025-04-24T18:47:04-07:00,0,19
style.css,73,css,1ba2de90,Zach Cochran,2025-04-24,18:47:04,-07:00,2025-04-24T18:47:04-07:00,0,0
style.css,74,css,1ba2de90,Zach Cochran,2025-04-24,18:47:04,-07:00,2025-04-24T18:47:04-07:00,0,0
style.css,75,css,1ba2de90,Zach Cochran,2025-04-24,18:47:04,-07:00,2025-04-24T18:47:04-07:00,0,12
style.css,76,css,1ba2de90,Zach Cochran,2025-04-24,18:47:04,-07:00,2025-04-24T18:47:04-07:00,0,13
style.css,77,css,1ba2de90,Zach Cochran,2025-04-24,18:47:04,-07:00,2025-04-24T18:47:04-07:00,0,59
style.css,78,css,1ba2de90,Zach Cochran,2025-04-24,18:47:04,-07:00,2025-04-24T18:47:04-07:00,0,9
style.css,79,css,1ba2de90,Zach Cochran,2025-04-24,18:47:04,-07:00,2025-04-24T18:47:04-07:00,0,18
style.css,80,css,1ba2de90,Zach Cochran,2025-04-24,18:47:04,-07:00,2025-04-24T18:47:04-07:00,0,0
style.css,81,css,1ba2de90,Zach Cochran,2025-04-24,18:47:04,-07:00,2025-04-24T18:47:04-07:00,0,0
style.css,82,css,1ba2de90,Zach Cochran,2025-04-24,18:47:04,-07:00,2025-04-24T18:47:04-07:00,0,15
style.css,83,css,1ba2de90,Zach Cochran,2025-04-24,18:47:04,-07:00,2025-04-24T18:47:04-07:00,0,17
style.css,84,css,1ba2de90,Zach Cochran,2025-04-24,18:47:04,-07:00,2025-04-24T18:47:04-07:00,0,11
style.css,85,css,1ba2de90,Zach Cochran,2025-04-24,18:47:04,-07:00,2025-04-24T18:47:04-07:00,0,0
style.css,86,css,1ba2de90,Zach Cochran,2025-04-24,18:47:04,-07:00,2025-04-24T18:47:04-07:00,0,0
style.css,87,css,1ba2de90,Zach Cochran,2025-04-24,18:47:04,-07:00,2025-04-24T18:47:04-07:00,0,15
style.css,88,css,1ba2de90,Zach Cochran,2025-04-24,18:47:04,-07:00,2025-04-24T18:47:04-07:00,0,9
style.css,89,css,1ba2de90,Zach Cochran,2025-04-24,18:47:04,-07:00,2025-04-24T18:47:04-07:00,0,11
style.css,90,css,43615352,Zach Cochran,2025-04-10,19:46:49,-07:00,2025-04-10T19:46:49-07:00,0,0
index.js,1,js,1ba2de90,Zach Cochran,2025-04-24,18:47:04,-07:00,2025-04-24T18:47:04-07:00,0,72
index.js,2,js,1ba2de90,Zach Cochran,2025-04-24,18:47:04,-07:00,2025-04-24T18:47:04-07:00,0,55
index.js,3,js,1ba2de90,Zach Cochran,2025-04-24,18:47:04,-07:00,2025-04-24T18:47:04-07:00,0,43
index.js,4,js,1ba2de90,Zach Cochran,2025-04-24,18:47:04,-07:00,2025-04-24T18:47:04-07:00,0,61
index.js,5,js,1ba2de90,Zach Cochran,2025-04-24,18:47:04,-07:00,2025-04-24T18:47:04-07:00,0,55
index.js,6,js,1ba2de90,Zach Cochran,2025-04-24,18:47:04,-07:00,2025-04-24T18:47:04-07:00,0,0
index.js,7,js,1ba2de90,Zach Cochran,2025-04-24,18:47:04,-07:00,2025-04-24T18:47:04-07:00,0,54
index.js,8,js,1ba2de90,Zach Cochran,2025-04-24,18:47:04,-07:00,2025-04-24T18:47:04-07:00,0,61
index.js,9,js,1ba2de90,Zach Cochran,2025-04-24,18:47:04,-07:00,2025-04-24T18:47:04-07:00,0,18
index.js,10,js,1ba2de90,Zach Cochran,2025-04-24,18:47:04,-07:00,2025-04-24T18:47:04-07:00,0,25
index.js,11,js,1ba2de90,Zach Cochran,2025-04-24,18:47:04,-07:00,2025-04-24T18:47:04-07:00,0,21
index.js,12,js,1ba2de90,Zach Cochran,2025-04-24,18:47:04,-07:00,2025-04-24T18:47:04-07:00,0,24
index.js,13,js,1ba2de90,Zach Cochran,2025-04-24,18:47:04,-07:00,2025-04-24T18:47:04-07:00,0,56
index.js,14,js,1ba2de90,Zach Cochran,2025-04-24,18:47:04,-07:00,2025-04-24T18:47:04-07:00,0,56
index.js,15,js,1ba2de90,Zach Cochran,2025-04-24,18:47:04,-07:00,2025-04-24T18:47:04-07:00,0,50
index.js,16,js,1ba2de90,Zach Cochran,2025-04-24,18:47:04,-07:00,2025-04-24T18:47:04-07:00,0,50
index.js,17,js,1ba2de90,Zach Cochran,2025-04-24,18:47:04,-07:00,2025-04-24T18:47:04-07:00,0,4
index.js,18,js,1ba2de90,Zach Cochran,2025-04-24,18:47:04,-07:00,2025-04-24T18:47:04-07:00,0,1
index.js,19,js,1ba2de90,Zach Cochran,2025-04-24,18:47:04,-07:00,2025-04-24T18:47:04-07:00,0,0
index.js,20,js,1ba2de90,Zach Cochran,2025-04-24,18:47:04,-07:00,2025-04-24T18:47:04-07:00,0,0
index.html,1,html,c326abd9,Zach Cochran,2025-04-03,18:33:41,-07:00,2025-04-03T18:33:41-07:00,0,14
index.html,2,html,c326abd9,Zach Cochran,2025-04-03,18:33:41,-07:00,2025-04-03T18:33:41-07:00,0,15
index.html,3,html,c326abd9,Zach Cochran,2025-04-03,18:33:41,-07:00,2025-04-03T18:33:41-07:00,0,5
index.html,4,html,d29198a1,Zach Cochran,2025-04-04,14:34:07,-07:00,2025-04-04T14:34:07-07:00,0,39
index.html,5,html,14fd1502,Zach Cochran,2025-04-17,14:24:10,-07:00,2025-04-17T14:24:10-07:00,0,46
index.html,6,html,1ba2de90,Zach Cochran,2025-04-24,18:47:04,-07:00,2025-04-24T18:47:04-07:00,0,51
index.html,7,html,c326abd9,Zach Cochran,2025-04-03,18:33:41,-07:00,2025-04-03T18:33:41-07:00,0,21
index.html,8,html,c326abd9,Zach Cochran,2025-04-03,18:33:41,-07:00,2025-04-03T18:33:41-07:00,0,69
index.html,9,html,c326abd9,Zach Cochran,2025-04-03,18:33:41,-07:00,2025-04-03T18:33:41-07:00,0,55
index.html,10,html,c326abd9,Zach Cochran,2025-04-03,18:33:41,-07:00,2025-04-03T18:33:41-07:00,0,6
index.html,11,html,c326abd9,Zach Cochran,2025-04-03,18:33:41,-07:00,2025-04-03T18:33:41-07:00,0,5
index.html,12,html,43615352,Zach Cochran,2025-04-10,19:46:49,-07:00,2025-04-10T19:46:49-07:00,0,20
index.html,13,html,43615352,Zach Cochran,2025-04-10,19:46:49,-07:00,2025-04-10T19:46:49-07:00,0,83
index.html,14,html,43615352,Zach Cochran,2025-04-10,19:46:49,-07:00,2025-04-10T19:46:49-07:00,0,98
index.html,15,html,1ba2de90,Zach Cochran,2025-04-24,18:47:04,-07:00,2025-04-24T18:47:04-07:00,0,25
index.html,16,html,1ba2de90,Zach Cochran,2025-04-24,18:47:04,-07:00,2025-04-24T18:47:04-07:00,0,21
index.html,17,html,1ba2de90,Zach Cochran,2025-04-24,18:47:04,-07:00,2025-04-24T18:47:04-07:00,0,5
index.html,18,html,1ba2de90,Zach Cochran,2025-04-24,18:47:04,-07:00,2025-04-24T18:47:04-07:00,0,23
index.html,19,html,1ba2de90,Zach Cochran,2025-04-24,18:47:04,-07:00,2025-04-24T18:47:04-07:00,0,27
index.html,20,html,43615352,Zach Cochran,2025-04-10,19:46:49,-07:00,2025-04-10T19:46:49-07:00,0,0
index.html,21,html,c326abd9,Zach Cochran,2025-04-03,18:33:41,-07:00,2025-04-03T18:33:41-07:00,0,6
index.html,22,html,c326abd9,Zach Cochran,2025-04-03,18:33:41,-07:00,2025-04-03T18:33:41-07:00,0,6
global.js,1,js,4d5d3a29,Zach Cochran,2025-04-17,15:55:34,-07:00,2025-04-17T15:55:34-07:00,0,26
global.js,2,js,14fd1502,Zach Cochran,2025-04-17,14:24:10,-07:00,2025-04-17T14:24:10-07:00,0,0
global.js,3,js,14fd1502,Zach Cochran,2025-04-17,14:24:10,-07:00,2025-04-17T14:24:10-07:00,0,42
global.js,4,js,14fd1502,Zach Cochran,2025-04-17,14:24:10,-07:00,2025-04-17T14:24:10-07:00,0,53
global.js,5,js,14fd1502,Zach Cochran,2025-04-17,14:24:10,-07:00,2025-04-17T14:24:10-07:00,0,0
global.js,6,js,14fd1502,Zach Cochran,2025-04-17,14:24:10,-07:00,2025-04-17T14:24:10-07:00,0,0
global.js,7,js,14fd1502,Zach Cochran,2025-04-17,14:24:10,-07:00,2025-04-17T14:24:10-07:00,0,12
global.js,8,js,2c25ceae,Zach Cochran,2025-04-17,16:13:15,-07:00,2025-04-17T16:13:15-07:00,0,26
global.js,9,js,2c25ceae,Zach Cochran,2025-04-17,16:13:15,-07:00,2025-04-17T16:13:15-07:00,0,39
global.js,10,js,66081a43,Zach Cochran,2025-04-17,18:37:39,-07:00,2025-04-17T18:37:39-07:00,0,37
global.js,11,js,2c25ceae,Zach Cochran,2025-04-17,16:13:15,-07:00,2025-04-17T16:13:15-07:00,0,34
global.js,12,js,14fd1502,Zach Cochran,2025-04-17,14:24:10,-07:00,2025-04-17T14:24:10-07:00,0,58
global.js,13,js,14fd1502,Zach Cochran,2025-04-17,14:24:10,-07:00,2025-04-17T14:24:10-07:00,0,39
global.js,14,js,14fd1502,Zach Cochran,2025-04-17,14:24:10,-07:00,2025-04-17T14:24:10-07:00,0,26
global.js,15,js,14fd1502,Zach Cochran,2025-04-17,14:24:10,-07:00,2025-04-17T14:24:10-07:00,0,0
global.js,16,js,14fd1502,Zach Cochran,2025-04-17,14:24:10,-07:00,2025-04-17T14:24:10-07:00,0,89
global.js,17,js,89900e82,Zach Cochran,2025-04-17,14:55:10,-07:00,2025-04-17T14:55:10-07:00,0,4
global.js,18,js,05bd7b44,Zach Cochran,2025-04-17,14:32:46,-07:00,2025-04-17T14:32:46-07:00,0,15
global.js,19,js,14fd1502,Zach Cochran,2025-04-17,14:24:10,-07:00,2025-04-17T14:24:10-07:00,0,21
global.js,20,js,14fd1502,Zach Cochran,2025-04-17,14:24:10,-07:00,2025-04-17T14:24:10-07:00,0,15
global.js,21,js,14fd1502,Zach Cochran,2025-04-17,14:24:10,-07:00,2025-04-17T14:24:10-07:00,0,19
global.js,22,js,14fd1502,Zach Cochran,2025-04-17,14:24:10,-07:00,2025-04-17T14:24:10-07:00,0,53
global.js,23,js,14fd1502,Zach Cochran,2025-04-17,14:24:10,-07:00,2025-04-17T14:24:10-07:00,0,35
global.js,24,js,14fd1502,Zach Cochran,2025-04-17,14:24:10,-07:00,2025-04-17T14:24:10-07:00,0,12
global.js,25,js,14fd1502,Zach Cochran,2025-04-17,14:24:10,-07:00,2025-04-17T14:24:10-07:00,0,21
global.js,26,js,14fd1502,Zach Cochran,2025-04-17,14:24:10,-07:00,2025-04-17T14:24:10-07:00,0,66
global.js,27,js,14fd1502,Zach Cochran,2025-04-17,14:24:10,-07:00,2025-04-17T14:24:10-07:00,0,26
global.js,28,js,05f9dddf,Zach Cochran,2025-04-17,14:54:34,-07:00,2025-04-17T14:54:34-07:00,0,0
global.js,29,js,66081a43,Zach Cochran,2025-04-17,18:37:39,-07:00,2025-04-17T18:37:39-07:00,0,53
global.js,30,js,14fd1502,Zach Cochran,2025-04-17,14:24:10,-07:00,2025-04-17T14:24:10-07:00,0,13
global.js,31,js,14fd1502,Zach Cochran,2025-04-17,14:24:10,-07:00,2025-04-17T14:24:10-07:00,0,0
global.js,32,js,5ef1c866,Zach Cochran,2025-04-17,15:49:54,-07:00,2025-04-17T15:49:54-07:00,0,0
global.js,33,js,5ef1c866,Zach Cochran,2025-04-17,15:49:54,-07:00,2025-04-17T15:49:54-07:00,0,32
global.js,34,js,5ef1c866,Zach Cochran,2025-04-17,15:49:54,-07:00,2025-04-17T15:49:54-07:00,0,12
global.js,35,js,5ef1c866,Zach Cochran,2025-04-17,15:49:54,-07:00,2025-04-17T15:49:54-07:00,0,0
global.js,36,js,5ef1c866,Zach Cochran,2025-04-17,15:49:54,-07:00,2025-04-17T15:49:54-07:00,0,27
global.js,37,js,5ef1c866,Zach Cochran,2025-04-17,15:49:54,-07:00,2025-04-17T15:49:54-07:00,0,5
global.js,38,js,5ef1c866,Zach Cochran,2025-04-17,15:49:54,-07:00,2025-04-17T15:49:54-07:00,0,7
global.js,39,js,5ef1c866,Zach Cochran,2025-04-17,15:49:54,-07:00,2025-04-17T15:49:54-07:00,0,44
global.js,40,js,5ef1c866,Zach Cochran,2025-04-17,15:49:54,-07:00,2025-04-17T15:49:54-07:00,0,35
global.js,41,js,5ef1c866,Zach Cochran,2025-04-17,15:49:54,-07:00,2025-04-17T15:49:54-07:00,0,33
global.js,42,js,5ef1c866,Zach Cochran,2025-04-17,15:49:54,-07:00,2025-04-17T15:49:54-07:00,0,8
global.js,43,js,5ef1c866,Zach Cochran,2025-04-17,15:49:54,-07:00,2025-04-17T15:49:54-07:00,0,7
global.js,44,js,aa418bf8,Zach Cochran,2025-04-17,16:05:28,-07:00,2025-04-17T16:05:28-07:00,0,0
global.js,45,js,5ef1c866,Zach Cochran,2025-04-17,15:49:54,-07:00,2025-04-17T15:49:54-07:00,0,1
global.js,46,js,5ef1c866,Zach Cochran,2025-04-17,15:49:54,-07:00,2025-04-17T15:49:54-07:00,0,0
global.js,47,js,5ef1c866,Zach Cochran,2025-04-17,15:49:54,-07:00,2025-04-17T15:49:54-07:00,0,59
global.js,48,js,5ef1c866,Zach Cochran,2025-04-17,15:49:54,-07:00,2025-04-17T15:49:54-07:00,0,0
global.js,49,js,5ef1c866,Zach Cochran,2025-04-17,15:49:54,-07:00,2025-04-17T15:49:54-07:00,0,50
global.js,50,js,5ef1c866,Zach Cochran,2025-04-17,15:49:54,-07:00,2025-04-17T15:49:54-07:00,0,30
global.js,51,js,5ef1c866,Zach Cochran,2025-04-17,15:49:54,-07:00,2025-04-17T15:49:54-07:00,0,45
global.js,52,js,5ef1c866,Zach Cochran,2025-04-17,15:49:54,-07:00,2025-04-17T15:49:54-07:00,0,65
global.js,53,js,5ef1c866,Zach Cochran,2025-04-17,15:49:54,-07:00,2025-04-17T15:49:54-07:00,0,2
global.js,54,js,dfe9a31d,Zach Cochran,2025-04-17,18:43:58,-07:00,2025-04-17T18:43:58-07:00,0,0
global.js,55,js,dfe9a31d,Zach Cochran,2025-04-17,18:43:58,-07:00,2025-04-17T18:43:58-07:00,0,50
global.js,56,js,dfe9a31d,Zach Cochran,2025-04-17,18:43:58,-07:00,2025-04-17T18:43:58-07:00,0,30
global.js,57,js,dfe9a31d,Zach Cochran,2025-04-17,18:43:58,-07:00,2025-04-17T18:43:58-07:00,0,45
global.js,58,js,dfe9a31d,Zach Cochran,2025-04-17,18:43:58,-07:00,2025-04-17T18:43:58-07:00,0,65
global.js,59,js,dfe9a31d,Zach Cochran,2025-04-17,18:43:58,-07:00,2025-04-17T18:43:58-07:00,0,0
global.js,60,js,dfe9a31d,Zach Cochran,2025-04-17,18:43:58,-07:00,2025-04-17T18:43:58-07:00,0,22
global.js,61,js,dfe9a31d,Zach Cochran,2025-04-17,18:43:58,-07:00,2025-04-17T18:43:58-07:00,0,32
global.js,62,js,dfe9a31d,Zach Cochran,2025-04-17,18:43:58,-07:00,2025-04-17T18:43:58-07:00,0,2
global.js,63,js,dfe9a31d,Zach Cochran,2025-04-17,18:43:58,-07:00,2025-04-17T18:43:58-07:00,0,0
global.js,64,js,dfe9a31d,Zach Cochran,2025-04-17,18:43:58,-07:00,2025-04-17T18:43:58-07:00,0,35
global.js,65,js,dfe9a31d,Zach Cochran,2025-04-17,18:43:58,-07:00,2025-04-17T18:43:58-07:00,0,36
global.js,66,js,dfe9a31d,Zach Cochran,2025-04-17,18:43:58,-07:00,2025-04-17T18:43:58-07:00,0,65
global.js,67,js,dfe9a31d,Zach Cochran,2025-04-17,18:43:58,-07:00,2025-04-17T18:43:58-07:00,0,20
global.js,68,js,dfe9a31d,Zach Cochran,2025-04-17,18:43:58,-07:00,2025-04-17T18:43:58-07:00,0,0
global.js,69,js,6029c328,Zach Cochran,2025-04-24,18:19:01,-07:00,2025-04-24T18:19:01-07:00,0,0
global.js,70,js,6029c328,Zach Cochran,2025-04-24,18:19:01,-07:00,2025-04-24T18:19:01-07:00,0,23
global.js,71,js,6029c328,Zach Cochran,2025-04-24,18:19:01,-07:00,2025-04-24T18:19:01-07:00,0,37
global.js,72,js,6029c328,Zach Cochran,2025-04-24,18:19:01,-07:00,2025-04-24T18:19:01-07:00,0,4
global.js,73,js,6029c328,Zach Cochran,2025-04-24,18:19:01,-07:00,2025-04-24T18:19:01-07:00,0,40
global.js,74,js,6029c328,Zach Cochran,2025-04-24,18:19:01,-07:00,2025-04-24T18:19:01-07:00,0,33
global.js,75,js,6029c328,Zach Cochran,2025-04-24,18:19:01,-07:00,2025-04-24T18:19:01-07:00,0,18
global.js,76,js,6029c328,Zach Cochran,2025-04-24,18:19:01,-07:00,2025-04-24T18:19:01-07:00,0,67
global.js,77,js,6029c328,Zach Cochran,2025-04-24,18:19:01,-07:00,2025-04-24T18:19:01-07:00,0,0
global.js,78,js,6029c328,Zach Cochran,2025-04-24,18:19:01,-07:00,2025-04-24T18:19:01-07:00,0,34
global.js,79,js,6029c328,Zach Cochran,2025-04-24,18:19:01,-07:00,2025-04-24T18:19:01-07:00,0,11
global.js,80,js,6029c328,Zach Cochran,2025-04-24,18:19:01,-07:00,2025-04-24T18:19:01-07:00,0,16
global.js,81,js,6029c328,Zach Cochran,2025-04-24,18:19:01,-07:00,2025-04-24T18:19:01-07:00,0,60
global.js,82,js,6029c328,Zach Cochran,2025-04-24,18:19:01,-07:00,2025-04-24T18:19:01-07:00,0,0
global.js,83,js,6029c328,Zach Cochran,2025-04-24,18:19:01,-07:00,2025-04-24T18:19:01-07:00,0,0
global.js,84,js,6029c328,Zach Cochran,2025-04-24,18:19:01,-07:00,2025-04-24T18:19:01-07:00,0,0
global.js,85,js,6029c328,Zach Cochran,2025-04-24,18:19:01,-07:00,2025-04-24T18:19:01-07:00,0,79
global.js,86,js,6029c328,Zach Cochran,2025-04-24,18:19:01,-07:00,2025-04-24T18:19:01-07:00,0,31
global.js,87,js,6029c328,Zach Cochran,2025-04-24,18:19:01,-07:00,2025-04-24T18:19:01-07:00,0,0
global.js,88,js,6029c328,Zach Cochran,2025-04-24,18:19:01,-07:00,2025-04-24T18:19:01-07:00,0,24
global.js,89,js,6029c328,Zach Cochran,2025-04-24,18:19:01,-07:00,2025-04-24T18:19:01-07:00,0,49
global.js,90,js,6029c328,Zach Cochran,2025-04-24,18:19:01,-07:00,2025-04-24T18:19:01-07:00,0,20
global.js,91,js,5f98a9ea,Zach Cochran,2025-05-01,20:42:32,-07:00,2025-05-01T20:42:32-07:00,0,36
global.js,92,js,aeb06d4b,Zach Cochran,2025-04-25,17:23:13,-07:00,2025-04-25T17:23:13-07:00,0,56
global.js,93,js,6029c328,Zach Cochran,2025-04-24,18:19:01,-07:00,2025-04-24T18:19:01-07:00,0,27
global.js,94,js,6029c328,Zach Cochran,2025-04-24,18:19:01,-07:00,2025-04-24T18:19:01-07:00,0,40
global.js,95,js,1ba2de90,Zach Cochran,2025-04-24,18:47:04,-07:00,2025-04-24T18:47:04-07:00,0,0
global.js,96,js,1ba2de90,Zach Cochran,2025-04-24,18:47:04,-07:00,2025-04-24T18:47:04-07:00,0,48
global.js,97,js,1ba2de90,Zach Cochran,2025-04-24,18:47:04,-07:00,2025-04-24T18:47:04-07:00,0,60
global.js,98,js,1ba2de90,Zach Cochran,2025-04-24,18:47:04,-07:00,2025-04-24T18:47:04-07:00,0,0
resume\style.css,1,css,3c4c3d9e,Zach Cochran,2025-04-11,18:46:06,-07:00,2025-04-11T18:46:06-07:00,0,6
resume\style.css,2,css,3c4c3d9e,Zach Cochran,2025-04-11,18:46:06,-07:00,2025-04-11T18:46:06-07:00,0,32
resume\style.css,3,css,3c4c3d9e,Zach Cochran,2025-04-11,18:46:06,-07:00,2025-04-11T18:46:06-07:00,0,33
resume\style.css,4,css,3c4c3d9e,Zach Cochran,2025-04-11,18:46:06,-07:00,2025-04-11T18:46:06-07:00,0,0
resume\style.css,5,css,d29198a1,Zach Cochran,2025-04-04,14:34:07,-07:00,2025-04-04T14:34:07-07:00,0,5
resume\style.css,6,css,d29198a1,Zach Cochran,2025-04-04,14:34:07,-07:00,2025-04-04T14:34:07-07:00,0,44
resume\style.css,7,css,d29198a1,Zach Cochran,2025-04-04,14:34:07,-07:00,2025-04-04T14:34:07-07:00,0,43
resume\style.css,8,css,d29198a1,Zach Cochran,2025-04-04,14:34:07,-07:00,2025-04-04T14:34:07-07:00,0,1
resume\style.css,9,css,d29198a1,Zach Cochran,2025-04-04,14:34:07,-07:00,2025-04-04T14:34:07-07:00,0,24
resume\style.css,10,css,d29198a1,Zach Cochran,2025-04-04,14:34:07,-07:00,2025-04-04T14:34:07-07:00,0,30
resume\style.css,11,css,d29198a1,Zach Cochran,2025-04-04,14:34:07,-07:00,2025-04-04T14:34:07-07:00,0,16
resume\style.css,12,css,d29198a1,Zach Cochran,2025-04-04,14:34:07,-07:00,2025-04-04T14:34:07-07:00,0,25
resume\style.css,13,css,d29198a1,Zach Cochran,2025-04-04,14:34:07,-07:00,2025-04-04T14:34:07-07:00,0,11
resume\style.css,14,css,3c4c3d9e,Zach Cochran,2025-04-11,18:46:06,-07:00,2025-04-11T18:46:06-07:00,0,16
resume\style.css,15,css,3c4c3d9e,Zach Cochran,2025-04-11,18:46:06,-07:00,2025-04-11T18:46:06-07:00,0,19
resume\style.css,16,css,3c4c3d9e,Zach Cochran,2025-04-11,18:46:06,-07:00,2025-04-11T18:46:06-07:00,0,12
resume\style.css,17,css,3c4c3d9e,Zach Cochran,2025-04-11,18:46:06,-07:00,2025-04-11T18:46:06-07:00,0,33
resume\style.css,18,css,d29198a1,Zach Cochran,2025-04-04,14:34:07,-07:00,2025-04-04T14:34:07-07:00,0,0
resume\style.css,19,css,43615352,Zach Cochran,2025-04-10,19:46:49,-07:00,2025-04-10T19:46:49-07:00,0,4
resume\style.css,20,css,5ef1c866,Zach Cochran,2025-04-17,15:49:54,-07:00,2025-04-17T15:49:54-07:00,0,37
resume\style.css,21,css,43615352,Zach Cochran,2025-04-10,19:46:49,-07:00,2025-04-10T19:46:49-07:00,0,13
resume\style.css,22,css,43615352,Zach Cochran,2025-04-10,19:46:49,-07:00,2025-04-10T19:46:49-07:00,0,24
resume\style.css,23,css,43615352,Zach Cochran,2025-04-10,19:46:49,-07:00,2025-04-10T19:46:49-07:00,0,26
resume\style.css,24,css,5ef1c866,Zach Cochran,2025-04-17,15:49:54,-07:00,2025-04-17T15:49:54-07:00,0,40
resume\style.css,25,css,43615352,Zach Cochran,2025-04-10,19:46:49,-07:00,2025-04-10T19:46:49-07:00,0,0
resume\style.css,26,css,43615352,Zach Cochran,2025-04-10,19:46:49,-07:00,2025-04-10T19:46:49-07:00,0,2
resume\style.css,27,css,43615352,Zach Cochran,2025-04-10,19:46:49,-07:00,2025-04-10T19:46:49-07:00,0,7
resume\style.css,28,css,43615352,Zach Cochran,2025-04-10,19:46:49,-07:00,2025-04-10T19:46:49-07:00,0,21
resume\style.css,29,css,43615352,Zach Cochran,2025-04-10,19:46:49,-07:00,2025-04-10T19:46:49-07:00,0,13
resume\style.css,30,css,43615352,Zach Cochran,2025-04-10,19:46:49,-07:00,2025-04-10T19:46:49-07:00,0,18
resume\style.css,31,css,43615352,Zach Cochran,2025-04-10,19:46:49,-07:00,2025-04-10T19:46:49-07:00,0,14
resume\style.css,32,css,43615352,Zach Cochran,2025-04-10,19:46:49,-07:00,2025-04-10T19:46:49-07:00,0,18
resume\style.css,33,css,43615352,Zach Cochran,2025-04-10,19:46:49,-07:00,2025-04-10T19:46:49-07:00,0,0
resume\style.css,34,css,5ef1c866,Zach Cochran,2025-04-17,15:49:54,-07:00,2025-04-17T15:49:54-07:00,0,12
resume\style.css,35,css,5ef1c866,Zach Cochran,2025-04-17,15:49:54,-07:00,2025-04-17T15:49:54-07:00,0,26
resume\style.css,36,css,5ef1c866,Zach Cochran,2025-04-17,15:49:54,-07:00,2025-04-17T15:49:54-07:00,0,44
resume\style.css,37,css,5ef1c866,Zach Cochran,2025-04-17,15:49:54,-07:00,2025-04-17T15:49:54-07:00,0,71
resume\style.css,38,css,5ef1c866,Zach Cochran,2025-04-17,15:49:54,-07:00,2025-04-17T15:49:54-07:00,0,18
resume\style.css,39,css,5ef1c866,Zach Cochran,2025-04-17,15:49:54,-07:00,2025-04-17T15:49:54-07:00,0,0
resume\style.css,40,css,43615352,Zach Cochran,2025-04-10,19:46:49,-07:00,2025-04-10T19:46:49-07:00,0,10
resume\style.css,41,css,43615352,Zach Cochran,2025-04-10,19:46:49,-07:00,2025-04-10T19:46:49-07:00,0,25
resume\style.css,42,css,43615352,Zach Cochran,2025-04-10,19:46:49,-07:00,2025-04-10T19:46:49-07:00,0,26
resume\style.css,43,css,43615352,Zach Cochran,2025-04-10,19:46:49,-07:00,2025-04-10T19:46:49-07:00,0,39
resume\style.css,44,css,43615352,Zach Cochran,2025-04-10,19:46:49,-07:00,2025-04-10T19:46:49-07:00,0,18
resume\style.css,45,css,43615352,Zach Cochran,2025-04-10,19:46:49,-07:00,2025-04-10T19:46:49-07:00,0,0
resume\style.css,46,css,d29198a1,Zach Cochran,2025-04-04,14:34:07,-07:00,2025-04-04T14:34:07-07:00,0,11
resume\style.css,47,css,d29198a1,Zach Cochran,2025-04-04,14:34:07,-07:00,2025-04-04T14:34:07-07:00,0,60
resume\style.css,48,css,d29198a1,Zach Cochran,2025-04-04,14:34:07,-07:00,2025-04-04T14:34:07-07:00,0,14
resume\style.css,49,css,d29198a1,Zach Cochran,2025-04-04,14:34:07,-07:00,2025-04-04T14:34:07-07:00,0,19
resume\style.css,50,css,6e227530,Zach Cochran,2025-04-11,21:49:27,-07:00,2025-04-11T21:49:27-07:00,0,16
resume\style.css,51,css,d29198a1,Zach Cochran,2025-04-04,14:34:07,-07:00,2025-04-04T14:34:07-07:00,0,0
resume\style.css,52,css,d29198a1,Zach Cochran,2025-04-04,14:34:07,-07:00,2025-04-04T14:34:07-07:00,0,3
resume\style.css,53,css,6e227530,Zach Cochran,2025-04-11,21:49:27,-07:00,2025-04-11T21:49:27-07:00,0,15
resume\style.css,54,css,d29198a1,Zach Cochran,2025-04-04,14:34:07,-07:00,2025-04-04T14:34:07-07:00,0,0
resume\style.css,55,css,d29198a1,Zach Cochran,2025-04-04,14:34:07,-07:00,2025-04-04T14:34:07-07:00,0,0
resume\style.css,56,css,d29198a1,Zach Cochran,2025-04-04,14:34:07,-07:00,2025-04-04T14:34:07-07:00,0,3
resume\style.css,57,css,6e227530,Zach Cochran,2025-04-11,21:49:27,-07:00,2025-04-11T21:49:27-07:00,0,15
resume\style.css,58,css,d29198a1,Zach Cochran,2025-04-04,14:34:07,-07:00,2025-04-04T14:34:07-07:00,0,0
resume\style.css,59,css,d29198a1,Zach Cochran,2025-04-04,14:34:07,-07:00,2025-04-04T14:34:07-07:00,0,0
resume\style.css,60,css,d29198a1,Zach Cochran,2025-04-04,14:34:07,-07:00,2025-04-04T14:34:07-07:00,0,3
resume\style.css,61,css,6e227530,Zach Cochran,2025-04-11,21:49:27,-07:00,2025-04-11T21:49:27-07:00,0,15
resume\style.css,62,css,d29198a1,Zach Cochran,2025-04-04,14:34:07,-07:00,2025-04-04T14:34:07-07:00,0,0
resume\style.css,63,css,6e227530,Zach Cochran,2025-04-11,21:49:27,-07:00,2025-04-11T21:49:27-07:00,0,5
resume\style.css,64,css,d29198a1,Zach Cochran,2025-04-04,14:34:07,-07:00,2025-04-04T14:34:07-07:00,0,14
resume\style.css,65,css,d29198a1,Zach Cochran,2025-04-04,14:34:07,-07:00,2025-04-04T14:34:07-07:00,0,21
resume\style.css,66,css,d29198a1,Zach Cochran,2025-04-04,14:34:07,-07:00,2025-04-04T14:34:07-07:00,0,0
resume\style.css,67,css,5ef1c866,Zach Cochran,2025-04-17,15:49:54,-07:00,2025-04-17T15:49:54-07:00,0,14
resume\style.css,68,css,5ef1c866,Zach Cochran,2025-04-17,15:49:54,-07:00,2025-04-17T15:49:54-07:00,0,18
resume\style.css,69,css,5ef1c866,Zach Cochran,2025-04-17,15:49:54,-07:00,2025-04-17T15:49:54-07:00,0,9
resume\style.css,70,css,5ef1c866,Zach Cochran,2025-04-17,15:49:54,-07:00,2025-04-17T15:49:54-07:00,0,11
resume\style.css,71,css,5ef1c866,Zach Cochran,2025-04-17,15:49:54,-07:00,2025-04-17T15:49:54-07:00,0,14
resume\style.css,72,css,5ef1c866,Zach Cochran,2025-04-17,15:49:54,-07:00,2025-04-17T15:49:54-07:00,0,20
resume\style.css,73,css,5ef1c866,Zach Cochran,2025-04-17,15:49:54,-07:00,2025-04-17T15:49:54-07:00,0,16
resume\style.css,74,css,5ef1c866,Zach Cochran,2025-04-17,15:49:54,-07:00,2025-04-17T15:49:54-07:00,0,14
resume\style.css,75,css,5ef1c866,Zach Cochran,2025-04-17,15:49:54,-07:00,2025-04-17T15:49:54-07:00,0,0
resume\style.css,76,css,5ef1c866,Zach Cochran,2025-04-17,15:49:54,-07:00,2025-04-17T15:49:54-07:00,0,0
resume\style.css,77,css,5ef1c866,Zach Cochran,2025-04-17,15:49:54,-07:00,2025-04-17T15:49:54-07:00,0,21
resume\style.css,78,css,5ef1c866,Zach Cochran,2025-04-17,15:49:54,-07:00,2025-04-17T15:49:54-07:00,0,20
resume\style.css,79,css,5ef1c866,Zach Cochran,2025-04-17,15:49:54,-07:00,2025-04-17T15:49:54-07:00,0,15
resume\style.css,80,css,5ef1c866,Zach Cochran,2025-04-17,15:49:54,-07:00,2025-04-17T15:49:54-07:00,0,18
resume\style.css,81,css,5ef1c866,Zach Cochran,2025-04-17,15:49:54,-07:00,2025-04-17T15:49:54-07:00,0,17
resume\style.css,82,css,5ef1c866,Zach Cochran,2025-04-17,15:49:54,-07:00,2025-04-17T15:49:54-07:00,0,51
resume\style.css,83,css,5ef1c866,Zach Cochran,2025-04-17,15:49:54,-07:00,2025-04-17T15:49:54-07:00,0,18
resume\style.css,84,css,5ef1c866,Zach Cochran,2025-04-17,15:49:54,-07:00,2025-04-17T15:49:54-07:00,0,16
resume\style.css,85,css,d29198a1,Zach Cochran,2025-04-04,14:34:07,-07:00,2025-04-04T14:34:07-07:00,0,0
resume\index.html,1,html,d29198a1,Zach Cochran,2025-04-04,14:34:07,-07:00,2025-04-04T14:34:07-07:00,0,14
resume\index.html,2,html,d29198a1,Zach Cochran,2025-04-04,14:34:07,-07:00,2025-04-04T14:34:07-07:00,0,15
resume\index.html,3,html,d29198a1,Zach Cochran,2025-04-04,14:34:07,-07:00,2025-04-04T14:34:07-07:00,0,5
resume\index.html,4,html,d29198a1,Zach Cochran,2025-04-04,14:34:07,-07:00,2025-04-04T14:34:07-07:00,0,39
resume\index.html,5,html,14fd1502,Zach Cochran,2025-04-17,14:24:10,-07:00,2025-04-17T14:24:10-07:00,0,49
resume\index.html,6,html,d29198a1,Zach Cochran,2025-04-04,14:34:07,-07:00,2025-04-04T14:34:07-07:00,0,21
resume\index.html,7,html,d29198a1,Zach Cochran,2025-04-04,14:34:07,-07:00,2025-04-04T14:34:07-07:00,0,69
resume\index.html,8,html,d29198a1,Zach Cochran,2025-04-04,14:34:07,-07:00,2025-04-04T14:34:07-07:00,0,22
resume\index.html,9,html,d29198a1,Zach Cochran,2025-04-04,14:34:07,-07:00,2025-04-04T14:34:07-07:00,0,6
resume\index.html,10,html,d29198a1,Zach Cochran,2025-04-04,14:34:07,-07:00,2025-04-04T14:34:07-07:00,0,5
resume\index.html,11,html,49e5265b,Zach Cochran,2025-04-17,15:07:22,-07:00,2025-04-17T15:07:22-07:00,0,0
resume\index.html,12,html,6e227530,Zach Cochran,2025-04-11,21:49:27,-07:00,2025-04-11T21:49:27-07:00,0,14
resume\index.html,13,html,d29198a1,Zach Cochran,2025-04-04,14:34:07,-07:00,2025-04-04T14:34:07-07:00,0,8
resume\index.html,14,html,d29198a1,Zach Cochran,2025-04-04,14:34:07,-07:00,2025-04-04T14:34:07-07:00,0,20
resume\index.html,15,html,d29198a1,Zach Cochran,2025-04-04,14:34:07,-07:00,2025-04-04T14:34:07-07:00,0,139
resume\index.html,16,html,d29198a1,Zach Cochran,2025-04-04,14:34:07,-07:00,2025-04-04T14:34:07-07:00,0,9
resume\index.html,17,html,d29198a1,Zach Cochran,2025-04-04,14:34:07,-07:00,2025-04-04T14:34:07-07:00,0,8
resume\index.html,18,html,d29198a1,Zach Cochran,2025-04-04,14:34:07,-07:00,2025-04-04T14:34:07-07:00,0,17
resume\index.html,19,html,d29198a1,Zach Cochran,2025-04-04,14:34:07,-07:00,2025-04-04T14:34:07-07:00,0,8
resume\index.html,20,html,d29198a1,Zach Cochran,2025-04-04,14:34:07,-07:00,2025-04-04T14:34:07-07:00,0,3
resume\index.html,21,html,d29198a1,Zach Cochran,2025-04-04,14:34:07,-07:00,2025-04-04T14:34:07-07:00,0,107
resume\index.html,22,html,d29198a1,Zach Cochran,2025-04-04,14:34:07,-07:00,2025-04-04T14:34:07-07:00,0,58
resume\index.html,23,html,d29198a1,Zach Cochran,2025-04-04,14:34:07,-07:00,2025-04-04T14:34:07-07:00,0,58
resume\index.html,24,html,d29198a1,Zach Cochran,2025-04-04,14:34:07,-07:00,2025-04-04T14:34:07-07:00,0,61
resume\index.html,25,html,d29198a1,Zach Cochran,2025-04-04,14:34:07,-07:00,2025-04-04T14:34:07-07:00,0,3
resume\index.html,26,html,d29198a1,Zach Cochran,2025-04-04,14:34:07,-07:00,2025-04-04T14:34:07-07:00,0,258
resume\index.html,27,html,d29198a1,Zach Cochran,2025-04-04,14:34:07,-07:00,2025-04-04T14:34:07-07:00,0,105
resume\index.html,28,html,d29198a1,Zach Cochran,2025-04-04,14:34:07,-07:00,2025-04-04T14:34:07-07:00,0,4
resume\index.html,29,html,d29198a1,Zach Cochran,2025-04-04,14:34:07,-07:00,2025-04-04T14:34:07-07:00,0,4
resume\index.html,30,html,d29198a1,Zach Cochran,2025-04-04,14:34:07,-07:00,2025-04-04T14:34:07-07:00,0,4
resume\index.html,31,html,d29198a1,Zach Cochran,2025-04-04,14:34:07,-07:00,2025-04-04T14:34:07-07:00,0,9
resume\index.html,32,html,d29198a1,Zach Cochran,2025-04-04,14:34:07,-07:00,2025-04-04T14:34:07-07:00,0,9
resume\index.html,33,html,d29198a1,Zach Cochran,2025-04-04,14:34:07,-07:00,2025-04-04T14:34:07-07:00,0,8
resume\index.html,34,html,d29198a1,Zach Cochran,2025-04-04,14:34:07,-07:00,2025-04-04T14:34:07-07:00,0,14
resume\index.html,35,html,d29198a1,Zach Cochran,2025-04-04,14:34:07,-07:00,2025-04-04T14:34:07-07:00,0,8
resume\index.html,36,html,d29198a1,Zach Cochran,2025-04-04,14:34:07,-07:00,2025-04-04T14:34:07-07:00,0,72
resume\index.html,37,html,d29198a1,Zach Cochran,2025-04-04,14:34:07,-07:00,2025-04-04T14:34:07-07:00,0,81
resume\index.html,38,html,d29198a1,Zach Cochran,2025-04-04,14:34:07,-07:00,2025-04-04T14:34:07-07:00,0,247
resume\index.html,39,html,d29198a1,Zach Cochran,2025-04-04,14:34:07,-07:00,2025-04-04T14:34:07-07:00,0,9
resume\index.html,40,html,d29198a1,Zach Cochran,2025-04-04,14:34:07,-07:00,2025-04-04T14:34:07-07:00,0,9
resume\index.html,41,html,d29198a1,Zach Cochran,2025-04-04,14:34:07,-07:00,2025-04-04T14:34:07-07:00,0,8
resume\index.html,42,html,d29198a1,Zach Cochran,2025-04-04,14:34:07,-07:00,2025-04-04T14:34:07-07:00,0,31
resume\index.html,43,html,d29198a1,Zach Cochran,2025-04-04,14:34:07,-07:00,2025-04-04T14:34:07-07:00,0,8
resume\index.html,44,html,d29198a1,Zach Cochran,2025-04-04,14:34:07,-07:00,2025-04-04T14:34:07-07:00,0,40
resume\index.html,45,html,d29198a1,Zach Cochran,2025-04-04,14:34:07,-07:00,2025-04-04T14:34:07-07:00,0,3
resume\index.html,46,html,d29198a1,Zach Cochran,2025-04-04,14:34:07,-07:00,2025-04-04T14:34:07-07:00,0,90
resume\index.html,47,html,d29198a1,Zach Cochran,2025-04-04,14:34:07,-07:00,2025-04-04T14:34:07-07:00,0,99
resume\index.html,48,html,d29198a1,Zach Cochran,2025-04-04,14:34:07,-07:00,2025-04-04T14:34:07-07:00,0,93
resume\index.html,49,html,d29198a1,Zach Cochran,2025-04-04,14:34:07,-07:00,2025-04-04T14:34:07-07:00,0,115
resume\index.html,50,html,d29198a1,Zach Cochran,2025-04-04,14:34:07,-07:00,2025-04-04T14:34:07-07:00,0,111
resume\index.html,51,html,d29198a1,Zach Cochran,2025-04-04,14:34:07,-07:00,2025-04-04T14:34:07-07:00,0,235
resume\index.html,52,html,d29198a1,Zach Cochran,2025-04-04,14:34:07,-07:00,2025-04-04T14:34:07-07:00,0,211
resume\index.html,53,html,d29198a1,Zach Cochran,2025-04-04,14:34:07,-07:00,2025-04-04T14:34:07-07:00,0,4
resume\index.html,54,html,d29198a1,Zach Cochran,2025-04-04,14:34:07,-07:00,2025-04-04T14:34:07-07:00,0,9
resume\index.html,55,html,d29198a1,Zach Cochran,2025-04-04,14:34:07,-07:00,2025-04-04T14:34:07-07:00,0,8
resume\index.html,56,html,d29198a1,Zach Cochran,2025-04-04,14:34:07,-07:00,2025-04-04T14:34:07-07:00,0,24
resume\index.html,57,html,d29198a1,Zach Cochran,2025-04-04,14:34:07,-07:00,2025-04-04T14:34:07-07:00,0,3
resume\index.html,58,html,d29198a1,Zach Cochran,2025-04-04,14:34:07,-07:00,2025-04-04T14:34:07-07:00,0,74
resume\index.html,59,html,d29198a1,Zach Cochran,2025-04-04,14:34:07,-07:00,2025-04-04T14:34:07-07:00,0,127
resume\index.html,60,html,d29198a1,Zach Cochran,2025-04-04,14:34:07,-07:00,2025-04-04T14:34:07-07:00,0,111
resume\index.html,61,html,d29198a1,Zach Cochran,2025-04-04,14:34:07,-07:00,2025-04-04T14:34:07-07:00,0,4
resume\index.html,62,html,d29198a1,Zach Cochran,2025-04-04,14:34:07,-07:00,2025-04-04T14:34:07-07:00,0,9
resume\index.html,63,html,d29198a1,Zach Cochran,2025-04-04,14:34:07,-07:00,2025-04-04T14:34:07-07:00,0,8
resume\index.html,64,html,d29198a1,Zach Cochran,2025-04-04,14:34:07,-07:00,2025-04-04T14:34:07-07:00,0,41
resume\index.html,65,html,d29198a1,Zach Cochran,2025-04-04,14:34:07,-07:00,2025-04-04T14:34:07-07:00,0,3
resume\index.html,66,html,d29198a1,Zach Cochran,2025-04-04,14:34:07,-07:00,2025-04-04T14:34:07-07:00,0,117
resume\index.html,67,html,d29198a1,Zach Cochran,2025-04-04,14:34:07,-07:00,2025-04-04T14:34:07-07:00,0,97
resume\index.html,68,html,d29198a1,Zach Cochran,2025-04-04,14:34:07,-07:00,2025-04-04T14:34:07-07:00,0,81
resume\index.html,69,html,d29198a1,Zach Cochran,2025-04-04,14:34:07,-07:00,2025-04-04T14:34:07-07:00,0,4
resume\index.html,70,html,d29198a1,Zach Cochran,2025-04-04,14:34:07,-07:00,2025-04-04T14:34:07-07:00,0,9
resume\index.html,71,html,d29198a1,Zach Cochran,2025-04-04,14:34:07,-07:00,2025-04-04T14:34:07-07:00,0,116
resume\index.html,72,html,d29198a1,Zach Cochran,2025-04-04,14:34:07,-07:00,2025-04-04T14:34:07-07:00,0,9
resume\index.html,73,html,d29198a1,Zach Cochran,2025-04-04,14:34:07,-07:00,2025-04-04T14:34:07-07:00,0,0
resume\index.html,74,html,d29198a1,Zach Cochran,2025-04-04,14:34:07,-07:00,2025-04-04T14:34:07-07:00,0,6
resume\index.html,75,html,d29198a1,Zach Cochran,2025-04-04,14:34:07,-07:00,2025-04-04T14:34:07-07:00,0,6
projects\style.css,1,css,3c4c3d9e,Zach Cochran,2025-04-11,18:46:06,-07:00,2025-04-11T18:46:06-07:00,0,6
projects\style.css,2,css,3c4c3d9e,Zach Cochran,2025-04-11,18:46:06,-07:00,2025-04-11T18:46:06-07:00,0,32
projects\style.css,3,css,3c4c3d9e,Zach Cochran,2025-04-11,18:46:06,-07:00,2025-04-11T18:46:06-07:00,0,33
projects\style.css,4,css,3c4c3d9e,Zach Cochran,2025-04-11,18:46:06,-07:00,2025-04-11T18:46:06-07:00,0,0
projects\style.css,5,css,3c4c3d9e,Zach Cochran,2025-04-11,18:46:06,-07:00,2025-04-11T18:46:06-07:00,0,5
projects\style.css,6,css,3c4c3d9e,Zach Cochran,2025-04-11,18:46:06,-07:00,2025-04-11T18:46:06-07:00,0,44
projects\style.css,7,css,3c4c3d9e,Zach Cochran,2025-04-11,18:46:06,-07:00,2025-04-11T18:46:06-07:00,0,43
projects\style.css,8,css,3c4c3d9e,Zach Cochran,2025-04-11,18:46:06,-07:00,2025-04-11T18:46:06-07:00,0,1
projects\style.css,9,css,3c4c3d9e,Zach Cochran,2025-04-11,18:46:06,-07:00,2025-04-11T18:46:06-07:00,0,24
projects\style.css,10,css,3c4c3d9e,Zach Cochran,2025-04-11,18:46:06,-07:00,2025-04-11T18:46:06-07:00,0,16
projects\style.css,11,css,3c4c3d9e,Zach Cochran,2025-04-11,18:46:06,-07:00,2025-04-11T18:46:06-07:00,0,19
projects\style.css,12,css,3c4c3d9e,Zach Cochran,2025-04-11,18:46:06,-07:00,2025-04-11T18:46:06-07:00,0,12
projects\style.css,13,css,3c4c3d9e,Zach Cochran,2025-04-11,18:46:06,-07:00,2025-04-11T18:46:06-07:00,0,33
projects\style.css,14,css,3c4c3d9e,Zach Cochran,2025-04-11,18:46:06,-07:00,2025-04-11T18:46:06-07:00,0,0
projects\style.css,15,css,5ef1c866,Zach Cochran,2025-04-17,15:49:54,-07:00,2025-04-17T15:49:54-07:00,0,4
projects\style.css,16,css,5ef1c866,Zach Cochran,2025-04-17,15:49:54,-07:00,2025-04-17T15:49:54-07:00,0,37
projects\style.css,17,css,43615352,Zach Cochran,2025-04-10,19:46:49,-07:00,2025-04-10T19:46:49-07:00,0,13
projects\style.css,18,css,43615352,Zach Cochran,2025-04-10,19:46:49,-07:00,2025-04-10T19:46:49-07:00,0,24
projects\style.css,19,css,43615352,Zach Cochran,2025-04-10,19:46:49,-07:00,2025-04-10T19:46:49-07:00,0,26
projects\style.css,20,css,5ef1c866,Zach Cochran,2025-04-17,15:49:54,-07:00,2025-04-17T15:49:54-07:00,0,40
projects\style.css,21,css,43615352,Zach Cochran,2025-04-10,19:46:49,-07:00,2025-04-10T19:46:49-07:00,0,0
projects\style.css,22,css,43615352,Zach Cochran,2025-04-10,19:46:49,-07:00,2025-04-10T19:46:49-07:00,0,2
projects\style.css,23,css,43615352,Zach Cochran,2025-04-10,19:46:49,-07:00,2025-04-10T19:46:49-07:00,0,7
projects\style.css,24,css,43615352,Zach Cochran,2025-04-10,19:46:49,-07:00,2025-04-10T19:46:49-07:00,0,21
projects\style.css,25,css,43615352,Zach Cochran,2025-04-10,19:46:49,-07:00,2025-04-10T19:46:49-07:00,0,13
projects\style.css,26,css,43615352,Zach Cochran,2025-04-10,19:46:49,-07:00,2025-04-10T19:46:49-07:00,0,18
projects\style.css,27,css,43615352,Zach Cochran,2025-04-10,19:46:49,-07:00,2025-04-10T19:46:49-07:00,0,14
projects\style.css,28,css,43615352,Zach Cochran,2025-04-10,19:46:49,-07:00,2025-04-10T19:46:49-07:00,0,18
projects\style.css,29,css,43615352,Zach Cochran,2025-04-10,19:46:49,-07:00,2025-04-10T19:46:49-07:00,0,0
projects\style.css,30,css,5ef1c866,Zach Cochran,2025-04-17,15:49:54,-07:00,2025-04-17T15:49:54-07:00,0,12
projects\style.css,31,css,5ef1c866,Zach Cochran,2025-04-17,15:49:54,-07:00,2025-04-17T15:49:54-07:00,0,26
projects\style.css,32,css,5ef1c866,Zach Cochran,2025-04-17,15:49:54,-07:00,2025-04-17T15:49:54-07:00,0,44
projects\style.css,33,css,5ef1c866,Zach Cochran,2025-04-17,15:49:54,-07:00,2025-04-17T15:49:54-07:00,0,71
projects\style.css,34,css,5ef1c866,Zach Cochran,2025-04-17,15:49:54,-07:00,2025-04-17T15:49:54-07:00,0,18
projects\style.css,35,css,5ef1c866,Zach Cochran,2025-04-17,15:49:54,-07:00,2025-04-17T15:49:54-07:00,0,0
projects\style.css,36,css,43615352,Zach Cochran,2025-04-10,19:46:49,-07:00,2025-04-10T19:46:49-07:00,0,10
projects\style.css,37,css,43615352,Zach Cochran,2025-04-10,19:46:49,-07:00,2025-04-10T19:46:49-07:00,0,25
projects\style.css,38,css,43615352,Zach Cochran,2025-04-10,19:46:49,-07:00,2025-04-10T19:46:49-07:00,0,26
projects\style.css,39,css,43615352,Zach Cochran,2025-04-10,19:46:49,-07:00,2025-04-10T19:46:49-07:00,0,39
projects\style.css,40,css,43615352,Zach Cochran,2025-04-10,19:46:49,-07:00,2025-04-10T19:46:49-07:00,0,18
projects\style.css,41,css,3c4c3d9e,Zach Cochran,2025-04-11,18:46:06,-07:00,2025-04-11T18:46:06-07:00,0,0
projects\style.css,42,css,45b8569a,Zach Cochran,2025-04-11,21:35:53,-07:00,2025-04-11T21:35:53-07:00,0,10
projects\style.css,43,css,45b8569a,Zach Cochran,2025-04-11,21:35:53,-07:00,2025-04-11T21:35:53-07:00,0,12
projects\style.css,44,css,45b8569a,Zach Cochran,2025-04-11,21:35:53,-07:00,2025-04-11T21:35:53-07:00,0,59
projects\style.css,45,css,45b8569a,Zach Cochran,2025-04-11,21:35:53,-07:00,2025-04-11T21:35:53-07:00,0,0
projects\style.css,46,css,45b8569a,Zach Cochran,2025-04-11,21:35:53,-07:00,2025-04-11T21:35:53-07:00,0,18
projects\style.css,47,css,45b8569a,Zach Cochran,2025-04-11,21:35:53,-07:00,2025-04-11T21:35:53-07:00,0,13
projects\style.css,48,css,45b8569a,Zach Cochran,2025-04-11,21:35:53,-07:00,2025-04-11T21:35:53-07:00,0,27
projects\style.css,49,css,45b8569a,Zach Cochran,2025-04-11,21:35:53,-07:00,2025-04-11T21:35:53-07:00,0,16
projects\style.css,50,css,45b8569a,Zach Cochran,2025-04-11,21:35:53,-07:00,2025-04-11T21:35:53-07:00,0,0
projects\style.css,51,css,45b8569a,Zach Cochran,2025-04-11,21:35:53,-07:00,2025-04-11T21:35:53-07:00,0,23
projects\style.css,52,css,45b8569a,Zach Cochran,2025-04-11,21:35:53,-07:00,2025-04-11T21:35:53-07:00,0,16
projects\style.css,53,css,45b8569a,Zach Cochran,2025-04-11,21:35:53,-07:00,2025-04-11T21:35:53-07:00,0,18
projects\style.css,54,css,45b8569a,Zach Cochran,2025-04-11,21:35:53,-07:00,2025-04-11T21:35:53-07:00,0,9
projects\style.css,55,css,45b8569a,Zach Cochran,2025-04-11,21:35:53,-07:00,2025-04-11T21:35:53-07:00,0,0
projects\style.css,56,css,45b8569a,Zach Cochran,2025-04-11,21:35:53,-07:00,2025-04-11T21:35:53-07:00,0,0
projects\style.css,57,css,45b8569a,Zach Cochran,2025-04-11,21:35:53,-07:00,2025-04-11T21:35:53-07:00,0,3
projects\style.css,58,css,45b8569a,Zach Cochran,2025-04-11,21:35:53,-07:00,2025-04-11T21:35:53-07:00,0,15
projects\style.css,59,css,5ef1c866,Zach Cochran,2025-04-17,15:49:54,-07:00,2025-04-17T15:49:54-07:00,0,0
projects\style.css,60,css,5ef1c866,Zach Cochran,2025-04-17,15:49:54,-07:00,2025-04-17T15:49:54-07:00,0,14
projects\style.css,61,css,5ef1c866,Zach Cochran,2025-04-17,15:49:54,-07:00,2025-04-17T15:49:54-07:00,0,18
projects\style.css,62,css,5ef1c866,Zach Cochran,2025-04-17,15:49:54,-07:00,2025-04-17T15:49:54-07:00,0,9
projects\style.css,63,css,5ef1c866,Zach Cochran,2025-04-17,15:49:54,-07:00,2025-04-17T15:49:54-07:00,0,11
projects\style.css,64,css,5ef1c866,Zach Cochran,2025-04-17,15:49:54,-07:00,2025-04-17T15:49:54-07:00,0,14
projects\style.css,65,css,5ef1c866,Zach Cochran,2025-04-17,15:49:54,-07:00,2025-04-17T15:49:54-07:00,0,20
projects\style.css,66,css,5ef1c866,Zach Cochran,2025-04-17,15:49:54,-07:00,2025-04-17T15:49:54-07:00,0,16
projects\style.css,67,css,5ef1c866,Zach Cochran,2025-04-17,15:49:54,-07:00,2025-04-17T15:49:54-07:00,0,14
projects\style.css,68,css,5ef1c866,Zach Cochran,2025-04-17,15:49:54,-07:00,2025-04-17T15:49:54-07:00,0,0
projects\style.css,69,css,5ef1c866,Zach Cochran,2025-04-17,15:49:54,-07:00,2025-04-17T15:49:54-07:00,0,0
projects\style.css,70,css,5ef1c866,Zach Cochran,2025-04-17,15:49:54,-07:00,2025-04-17T15:49:54-07:00,0,21
projects\style.css,71,css,5ef1c866,Zach Cochran,2025-04-17,15:49:54,-07:00,2025-04-17T15:49:54-07:00,0,20
projects\style.css,72,css,5ef1c866,Zach Cochran,2025-04-17,15:49:54,-07:00,2025-04-17T15:49:54-07:00,0,15
projects\style.css,73,css,5ef1c866,Zach Cochran,2025-04-17,15:49:54,-07:00,2025-04-17T15:49:54-07:00,0,18
projects\style.css,74,css,5ef1c866,Zach Cochran,2025-04-17,15:49:54,-07:00,2025-04-17T15:49:54-07:00,0,17
projects\style.css,75,css,5ef1c866,Zach Cochran,2025-04-17,15:49:54,-07:00,2025-04-17T15:49:54-07:00,0,51
projects\style.css,76,css,5ef1c866,Zach Cochran,2025-04-17,15:49:54,-07:00,2025-04-17T15:49:54-07:00,0,18
projects\style.css,77,css,5ef1c866,Zach Cochran,2025-04-17,15:49:54,-07:00,2025-04-17T15:49:54-07:00,0,16
projects\style.css,78,css,5f98a9ea,Zach Cochran,2025-05-01,20:42:32,-07:00,2025-05-01T20:42:32-07:00,0,0
projects\style.css,79,css,5f98a9ea,Zach Cochran,2025-05-01,20:42:32,-07:00,2025-05-01T20:42:32-07:00,0,19
projects\style.css,80,css,5f98a9ea,Zach Cochran,2025-05-01,20:42:32,-07:00,2025-05-01T20:42:32-07:00,0,15
projects\style.css,81,css,5f98a9ea,Zach Cochran,2025-05-01,20:42:32,-07:00,2025-05-01T20:42:32-07:00,0,17
projects\style.css,82,css,5f98a9ea,Zach Cochran,2025-05-01,20:42:32,-07:00,2025-05-01T20:42:32-07:00,0,0
projects\style.css,83,css,5f98a9ea,Zach Cochran,2025-05-01,20:42:32,-07:00,2025-05-01T20:42:32-07:00,0,17
projects\style.css,84,css,5f98a9ea,Zach Cochran,2025-05-01,20:42:32,-07:00,2025-05-01T20:42:32-07:00,0,0
projects\style.css,85,css,5f98a9ea,Zach Cochran,2025-05-01,20:42:32,-07:00,2025-05-01T20:42:32-07:00,0,8
projects\style.css,86,css,5f98a9ea,Zach Cochran,2025-05-01,20:42:32,-07:00,2025-05-01T20:42:32-07:00,0,6
projects\style.css,87,css,5f98a9ea,Zach Cochran,2025-05-01,20:42:32,-07:00,2025-05-01T20:42:32-07:00,0,13
projects\style.css,88,css,5f98a9ea,Zach Cochran,2025-05-01,20:42:32,-07:00,2025-05-01T20:42:32-07:00,0,58
projects\style.css,89,css,5f98a9ea,Zach Cochran,2025-05-01,20:42:32,-07:00,2025-05-01T20:42:32-07:00,0,16
projects\style.css,90,css,5f98a9ea,Zach Cochran,2025-05-01,20:42:32,-07:00,2025-05-01T20:42:32-07:00,0,16
projects\style.css,91,css,5f98a9ea,Zach Cochran,2025-05-01,20:42:32,-07:00,2025-05-01T20:42:32-07:00,0,13
projects\style.css,92,css,5f98a9ea,Zach Cochran,2025-05-01,20:42:32,-07:00,2025-05-01T20:42:32-07:00,0,9
projects\style.css,93,css,5f98a9ea,Zach Cochran,2025-05-01,20:42:32,-07:00,2025-05-01T20:42:32-07:00,0,22
projects\style.css,94,css,5f98a9ea,Zach Cochran,2025-05-01,20:42:32,-07:00,2025-05-01T20:42:32-07:00,0,16
projects\style.css,95,css,5f98a9ea,Zach Cochran,2025-05-01,20:42:32,-07:00,2025-05-01T20:42:32-07:00,0,0
projects\style.css,96,css,5f98a9ea,Zach Cochran,2025-05-01,20:42:32,-07:00,2025-05-01T20:42:32-07:00,0,0
projects\style.css,97,css,5f98a9ea,Zach Cochran,2025-05-01,20:42:32,-07:00,2025-05-01T20:42:32-07:00,0,13
projects\style.css,98,css,5f98a9ea,Zach Cochran,2025-05-01,20:42:32,-07:00,2025-05-01T20:42:32-07:00,0,13
projects\style.css,99,css,5f98a9ea,Zach Cochran,2025-05-01,20:42:32,-07:00,2025-05-01T20:42:32-07:00,0,19
projects\style.css,100,css,5f98a9ea,Zach Cochran,2025-05-01,20:42:32,-07:00,2025-05-01T20:42:32-07:00,0,11
projects\style.css,101,css,5f98a9ea,Zach Cochran,2025-05-01,20:42:32,-07:00,2025-05-01T20:42:32-07:00,0,0
projects\style.css,102,css,5f98a9ea,Zach Cochran,2025-05-01,20:42:32,-07:00,2025-05-01T20:42:32-07:00,0,0
projects\style.css,103,css,5f98a9ea,Zach Cochran,2025-05-01,20:42:32,-07:00,2025-05-01T20:42:32-07:00,0,8
projects\style.css,104,css,5f98a9ea,Zach Cochran,2025-05-01,20:42:32,-07:00,2025-05-01T20:42:32-07:00,0,11
projects\style.css,105,css,5f98a9ea,Zach Cochran,2025-05-01,20:42:32,-07:00,2025-05-01T20:42:32-07:00,0,12
projects\style.css,106,css,5f98a9ea,Zach Cochran,2025-05-01,20:42:32,-07:00,2025-05-01T20:42:32-07:00,0,19
projects\style.css,107,css,5f98a9ea,Zach Cochran,2025-05-01,20:42:32,-07:00,2025-05-01T20:42:32-07:00,0,21
projects\style.css,108,css,5f98a9ea,Zach Cochran,2025-05-01,20:42:32,-07:00,2025-05-01T20:42:32-07:00,0,24
projects\style.css,109,css,5f98a9ea,Zach Cochran,2025-05-01,20:42:32,-07:00,2025-05-01T20:42:32-07:00,0,18
projects\style.css,110,css,5f98a9ea,Zach Cochran,2025-05-01,20:42:32,-07:00,2025-05-01T20:42:32-07:00,0,0
projects\style.css,111,css,5f98a9ea,Zach Cochran,2025-05-01,20:42:32,-07:00,2025-05-01T20:42:32-07:00,0,11
projects\style.css,112,css,5f98a9ea,Zach Cochran,2025-05-01,20:42:32,-07:00,2025-05-01T20:42:32-07:00,0,13
projects\style.css,113,css,5f98a9ea,Zach Cochran,2025-05-01,20:42:32,-07:00,2025-05-01T20:42:32-07:00,0,44
projects\style.css,114,css,5f98a9ea,Zach Cochran,2025-05-01,20:42:32,-07:00,2025-05-01T20:42:32-07:00,0,9
projects\style.css,115,css,5f98a9ea,Zach Cochran,2025-05-01,20:42:32,-07:00,2025-05-01T20:42:32-07:00,0,16
projects\style.css,116,css,5f98a9ea,Zach Cochran,2025-05-01,20:42:32,-07:00,2025-05-01T20:42:32-07:00,0,11
projects\style.css,117,css,5f98a9ea,Zach Cochran,2025-05-01,20:42:32,-07:00,2025-05-01T20:42:32-07:00,0,0
projects\style.css,118,css,5f98a9ea,Zach Cochran,2025-05-01,20:42:32,-07:00,2025-05-01T20:42:32-07:00,0,18
projects\style.css,119,css,5f98a9ea,Zach Cochran,2025-05-01,20:42:32,-07:00,2025-05-01T20:42:32-07:00,0,17
projects\style.css,120,css,5f98a9ea,Zach Cochran,2025-05-01,20:42:32,-07:00,2025-05-01T20:42:32-07:00,0,12
projects\style.css,121,css,5f98a9ea,Zach Cochran,2025-05-01,20:42:32,-07:00,2025-05-01T20:42:32-07:00,0,0
projects\style.css,122,css,5f98a9ea,Zach Cochran,2025-05-01,20:42:32,-07:00,2025-05-01T20:42:32-07:00,0,0
projects\style.css,123,css,5f98a9ea,Zach Cochran,2025-05-01,20:42:32,-07:00,2025-05-01T20:42:32-07:00,0,5
projects\style.css,124,css,5f98a9ea,Zach Cochran,2025-05-01,20:42:32,-07:00,2025-05-01T20:42:32-07:00,0,17
projects\style.css,125,css,5f98a9ea,Zach Cochran,2025-05-01,20:42:32,-07:00,2025-05-01T20:42:32-07:00,0,15
projects\style.css,126,css,5f98a9ea,Zach Cochran,2025-05-01,20:42:32,-07:00,2025-05-01T20:42:32-07:00,0,0
projects\style.css,127,css,5f98a9ea,Zach Cochran,2025-05-01,20:42:32,-07:00,2025-05-01T20:42:32-07:00,0,10
projects\style.css,128,css,5f98a9ea,Zach Cochran,2025-05-01,20:42:32,-07:00,2025-05-01T20:42:32-07:00,0,36
projects\style.css,129,css,5f98a9ea,Zach Cochran,2025-05-01,20:42:32,-07:00,2025-05-01T20:42:32-07:00,0,0
projects\style.css,130,css,5f98a9ea,Zach Cochran,2025-05-01,20:42:32,-07:00,2025-05-01T20:42:32-07:00,0,19
projects\style.css,131,css,5f98a9ea,Zach Cochran,2025-05-01,20:42:32,-07:00,2025-05-01T20:42:32-07:00,0,18
projects\style.css,132,css,5f98a9ea,Zach Cochran,2025-05-01,20:42:32,-07:00,2025-05-01T20:42:32-07:00,0,0
projects\style.css,133,css,5f98a9ea,Zach Cochran,2025-05-01,20:42:32,-07:00,2025-05-01T20:42:32-07:00,0,17
projects\style.css,134,css,5f98a9ea,Zach Cochran,2025-05-01,20:42:32,-07:00,2025-05-01T20:42:32-07:00,0,17
projects\style.css,135,css,5f98a9ea,Zach Cochran,2025-05-01,20:42:32,-07:00,2025-05-01T20:42:32-07:00,0,22
projects\style.css,136,css,43615352,Zach Cochran,2025-04-10,19:46:49,-07:00,2025-04-10T19:46:49-07:00,0,0
projects\projects.js,1,js,6029c328,Zach Cochran,2025-04-24,18:19:01,-07:00,2025-04-24T18:19:01-07:00,0,56
projects\projects.js,2,js,6029c328,Zach Cochran,2025-04-24,18:19:01,-07:00,2025-04-24T18:19:01-07:00,0,56
projects\projects.js,3,js,6029c328,Zach Cochran,2025-04-24,18:19:01,-07:00,2025-04-24T18:19:01-07:00,0,61
projects\projects.js,4,js,6029c328,Zach Cochran,2025-04-24,18:19:01,-07:00,2025-04-24T18:19:01-07:00,0,62
projects\projects.js,5,js,6029c328,Zach Cochran,2025-04-24,18:19:01,-07:00,2025-04-24T18:19:01-07:00,0,30
projects\projects.js,6,js,6029c328,Zach Cochran,2025-04-24,18:19:01,-07:00,2025-04-24T18:19:01-07:00,0,56
projects\projects.js,7,js,6029c328,Zach Cochran,2025-04-24,18:19:01,-07:00,2025-04-24T18:19:01-07:00,0,0
projects\projects.js,8,js,6029c328,Zach Cochran,2025-04-24,18:19:01,-07:00,2025-04-24T18:19:01-07:00,0,49
projects\projects.js,9,js,5f98a9ea,Zach Cochran,2025-05-01,20:42:32,-07:00,2025-05-01T20:42:32-07:00,0,0
projects\projects.js,10,js,5f98a9ea,Zach Cochran,2025-05-01,20:42:32,-07:00,2025-05-01T20:42:32-07:00,0,64
projects\projects.js,11,js,5f98a9ea,Zach Cochran,2025-05-01,20:42:32,-07:00,2025-05-01T20:42:32-07:00,0,0
projects\projects.js,12,js,5f98a9ea,Zach Cochran,2025-05-01,20:42:32,-07:00,2025-05-01T20:42:32-07:00,0,14
projects\projects.js,13,js,5f98a9ea,Zach Cochran,2025-05-01,20:42:32,-07:00,2025-05-01T20:42:32-07:00,0,22
projects\projects.js,14,js,5f98a9ea,Zach Cochran,2025-05-01,20:42:32,-07:00,2025-05-01T20:42:32-07:00,0,23
projects\projects.js,15,js,5f98a9ea,Zach Cochran,2025-05-01,20:42:32,-07:00,2025-05-01T20:42:32-07:00,0,0
projects\projects.js,16,js,5f98a9ea,Zach Cochran,2025-05-01,20:42:32,-07:00,2025-05-01T20:42:32-07:00,0,20
projects\projects.js,17,js,5f98a9ea,Zach Cochran,2025-05-01,20:42:32,-07:00,2025-05-01T20:42:32-07:00,0,31
projects\projects.js,18,js,5f98a9ea,Zach Cochran,2025-05-01,20:42:32,-07:00,2025-05-01T20:42:32-07:00,0,28
projects\projects.js,19,js,5f98a9ea,Zach Cochran,2025-05-01,20:42:32,-07:00,2025-05-01T20:42:32-07:00,0,78
projects\projects.js,20,js,5f98a9ea,Zach Cochran,2025-05-01,20:42:32,-07:00,2025-05-01T20:42:32-07:00,0,90
projects\projects.js,21,js,5f98a9ea,Zach Cochran,2025-05-01,20:42:32,-07:00,2025-05-01T20:42:32-07:00,0,34
projects\projects.js,22,js,5f98a9ea,Zach Cochran,2025-05-01,20:42:32,-07:00,2025-05-01T20:42:32-07:00,0,2
projects\projects.js,23,js,5f98a9ea,Zach Cochran,2025-05-01,20:42:32,-07:00,2025-05-01T20:42:32-07:00,0,0
projects\projects.js,24,js,5f98a9ea,Zach Cochran,2025-05-01,20:42:32,-07:00,2025-05-01T20:42:32-07:00,0,0
projects\projects.js,25,js,5f98a9ea,Zach Cochran,2025-05-01,20:42:32,-07:00,2025-05-01T20:42:32-07:00,0,15
projects\projects.js,26,js,5f98a9ea,Zach Cochran,2025-05-01,20:42:32,-07:00,2025-05-01T20:42:32-07:00,0,58
projects\projects.js,27,js,5f98a9ea,Zach Cochran,2025-05-01,20:42:32,-07:00,2025-05-01T20:42:32-07:00,0,0
projects\projects.js,28,js,5f98a9ea,Zach Cochran,2025-05-01,20:42:32,-07:00,2025-05-01T20:42:32-07:00,0,39
projects\projects.js,29,js,5f98a9ea,Zach Cochran,2025-05-01,20:42:32,-07:00,2025-05-01T20:42:32-07:00,0,28
projects\projects.js,30,js,5f98a9ea,Zach Cochran,2025-05-01,20:42:32,-07:00,2025-05-01T20:42:32-07:00,0,30
projects\projects.js,31,js,5f98a9ea,Zach Cochran,2025-05-01,20:42:32,-07:00,2025-05-01T20:42:32-07:00,0,0
projects\projects.js,32,js,5f98a9ea,Zach Cochran,2025-05-01,20:42:32,-07:00,2025-05-01T20:42:32-07:00,0,22
projects\projects.js,33,js,5f98a9ea,Zach Cochran,2025-05-01,20:42:32,-07:00,2025-05-01T20:42:32-07:00,0,29
projects\projects.js,34,js,5f98a9ea,Zach Cochran,2025-05-01,20:42:32,-07:00,2025-05-01T20:42:32-07:00,0,13
projects\projects.js,35,js,5f98a9ea,Zach Cochran,2025-05-01,20:42:32,-07:00,2025-05-01T20:42:32-07:00,0,13
projects\projects.js,36,js,5f98a9ea,Zach Cochran,2025-05-01,20:42:32,-07:00,2025-05-01T20:42:32-07:00,0,10
projects\projects.js,37,js,5f98a9ea,Zach Cochran,2025-05-01,20:42:32,-07:00,2025-05-01T20:42:32-07:00,0,1
projects\projects.js,38,js,5f98a9ea,Zach Cochran,2025-05-01,20:42:32,-07:00,2025-05-01T20:42:32-07:00,0,0
projects\projects.js,39,js,5f98a9ea,Zach Cochran,2025-05-01,20:42:32,-07:00,2025-05-01T20:42:32-07:00,0,48
projects\projects.js,40,js,5f98a9ea,Zach Cochran,2025-05-01,20:42:32,-07:00,2025-05-01T20:42:32-07:00,0,12
projects\projects.js,41,js,5f98a9ea,Zach Cochran,2025-05-01,20:42:32,-07:00,2025-05-01T20:42:32-07:00,0,10
projects\projects.js,42,js,5f98a9ea,Zach Cochran,2025-05-01,20:42:32,-07:00,2025-05-01T20:42:32-07:00,0,3
projects\projects.js,43,js,5f98a9ea,Zach Cochran,2025-05-01,20:42:32,-07:00,2025-05-01T20:42:32-07:00,0,47
projects\projects.js,44,js,5f98a9ea,Zach Cochran,2025-05-01,20:42:32,-07:00,2025-05-01T20:42:32-07:00,0,0
projects\projects.js,45,js,5f98a9ea,Zach Cochran,2025-05-01,20:42:32,-07:00,2025-05-01T20:42:32-07:00,0,15
projects\projects.js,46,js,5f98a9ea,Zach Cochran,2025-05-01,20:42:32,-07:00,2025-05-01T20:42:32-07:00,0,51
projects\projects.js,47,js,5f98a9ea,Zach Cochran,2025-05-01,20:42:32,-07:00,2025-05-01T20:42:32-07:00,0,36
projects\projects.js,48,js,5f98a9ea,Zach Cochran,2025-05-01,20:42:32,-07:00,2025-05-01T20:42:32-07:00,0,46
projects\projects.js,49,js,5f98a9ea,Zach Cochran,2025-05-01,20:42:32,-07:00,2025-05-01T20:42:32-07:00,0,50
projects\projects.js,50,js,5f98a9ea,Zach Cochran,2025-05-01,20:42:32,-07:00,2025-05-01T20:42:32-07:00,0,0
projects\projects.js,51,js,5f98a9ea,Zach Cochran,2025-05-01,20:42:32,-07:00,2025-05-01T20:42:32-07:00,0,11
projects\projects.js,52,js,5f98a9ea,Zach Cochran,2025-05-01,20:42:32,-07:00,2025-05-01T20:42:32-07:00,0,25
projects\projects.js,53,js,5f98a9ea,Zach Cochran,2025-05-01,20:42:32,-07:00,2025-05-01T20:42:32-07:00,0,17
projects\projects.js,54,js,5f98a9ea,Zach Cochran,2025-05-01,20:42:32,-07:00,2025-05-01T20:42:32-07:00,0,14
projects\projects.js,55,js,5f98a9ea,Zach Cochran,2025-05-01,20:42:32,-07:00,2025-05-01T20:42:32-07:00,0,23
projects\projects.js,56,js,5f98a9ea,Zach Cochran,2025-05-01,20:42:32,-07:00,2025-05-01T20:42:32-07:00,0,52
projects\projects.js,57,js,5f98a9ea,Zach Cochran,2025-05-01,20:42:32,-07:00,2025-05-01T20:42:32-07:00,0,26
projects\projects.js,58,js,5f98a9ea,Zach Cochran,2025-05-01,20:42:32,-07:00,2025-05-01T20:42:32-07:00,0,19
projects\projects.js,59,js,5f98a9ea,Zach Cochran,2025-05-01,20:42:32,-07:00,2025-05-01T20:42:32-07:00,0,44
projects\projects.js,60,js,5f98a9ea,Zach Cochran,2025-05-01,20:42:32,-07:00,2025-05-01T20:42:32-07:00,0,0
projects\projects.js,61,js,5f98a9ea,Zach Cochran,2025-05-01,20:42:32,-07:00,2025-05-01T20:42:32-07:00,0,21
projects\projects.js,62,js,5f98a9ea,Zach Cochran,2025-05-01,20:42:32,-07:00,2025-05-01T20:42:32-07:00,0,20
projects\projects.js,63,js,5f98a9ea,Zach Cochran,2025-05-01,20:42:32,-07:00,2025-05-01T20:42:32-07:00,0,69
projects\projects.js,64,js,5f98a9ea,Zach Cochran,2025-05-01,20:42:32,-07:00,2025-05-01T20:42:32-07:00,0,0
projects\projects.js,65,js,5f98a9ea,Zach Cochran,2025-05-01,20:42:32,-07:00,2025-05-01T20:42:32-07:00,0,21
projects\projects.js,66,js,5f98a9ea,Zach Cochran,2025-05-01,20:42:32,-07:00,2025-05-01T20:42:32-07:00,0,69
projects\projects.js,67,js,5f98a9ea,Zach Cochran,2025-05-01,20:42:32,-07:00,2025-05-01T20:42:32-07:00,0,0
projects\projects.js,68,js,5f98a9ea,Zach Cochran,2025-05-01,20:42:32,-07:00,2025-05-01T20:42:32-07:00,0,43
projects\projects.js,69,js,5f98a9ea,Zach Cochran,2025-05-01,20:42:32,-07:00,2025-05-01T20:42:32-07:00,0,54
projects\projects.js,70,js,5f98a9ea,Zach Cochran,2025-05-01,20:42:32,-07:00,2025-05-01T20:42:32-07:00,0,2
projects\projects.js,71,js,5f98a9ea,Zach Cochran,2025-05-01,20:42:32,-07:00,2025-05-01T20:42:32-07:00,0,2
projects\projects.js,72,js,5f98a9ea,Zach Cochran,2025-05-01,20:42:32,-07:00,2025-05-01T20:42:32-07:00,0,0
projects\projects.js,73,js,5f98a9ea,Zach Cochran,2025-05-01,20:42:32,-07:00,2025-05-01T20:42:32-07:00,0,15
projects\projects.js,74,js,5f98a9ea,Zach Cochran,2025-05-01,20:42:32,-07:00,2025-05-01T20:42:32-07:00,0,35
projects\projects.js,75,js,5f98a9ea,Zach Cochran,2025-05-01,20:42:32,-07:00,2025-05-01T20:42:32-07:00,0,31
projects\projects.js,76,js,5f98a9ea,Zach Cochran,2025-05-01,20:42:32,-07:00,2025-05-01T20:42:32-07:00,0,23
projects\projects.js,77,js,5f98a9ea,Zach Cochran,2025-05-01,20:42:32,-07:00,2025-05-01T20:42:32-07:00,0,18
projects\projects.js,78,js,5f98a9ea,Zach Cochran,2025-05-01,20:42:32,-07:00,2025-05-01T20:42:32-07:00,0,37
projects\projects.js,79,js,5f98a9ea,Zach Cochran,2025-05-01,20:42:32,-07:00,2025-05-01T20:42:32-07:00,0,52
projects\projects.js,80,js,5f98a9ea,Zach Cochran,2025-05-01,20:42:32,-07:00,2025-05-01T20:42:32-07:00,0,69
projects\projects.js,81,js,5f98a9ea,Zach Cochran,2025-05-01,20:42:32,-07:00,2025-05-01T20:42:32-07:00,0,19
projects\projects.js,82,js,5f98a9ea,Zach Cochran,2025-05-01,20:42:32,-07:00,2025-05-01T20:42:32-07:00,0,44
projects\projects.js,83,js,5f98a9ea,Zach Cochran,2025-05-01,20:42:32,-07:00,2025-05-01T20:42:32-07:00,0,0
projects\projects.js,84,js,5f98a9ea,Zach Cochran,2025-05-01,20:42:32,-07:00,2025-05-01T20:42:32-07:00,0,20
projects\projects.js,85,js,5f98a9ea,Zach Cochran,2025-05-01,20:42:32,-07:00,2025-05-01T20:42:32-07:00,0,69
projects\projects.js,86,js,5f98a9ea,Zach Cochran,2025-05-01,20:42:32,-07:00,2025-05-01T20:42:32-07:00,0,0
projects\projects.js,87,js,5f98a9ea,Zach Cochran,2025-05-01,20:42:32,-07:00,2025-05-01T20:42:32-07:00,0,21
projects\projects.js,88,js,5f98a9ea,Zach Cochran,2025-05-01,20:42:32,-07:00,2025-05-01T20:42:32-07:00,0,69
projects\projects.js,89,js,5f98a9ea,Zach Cochran,2025-05-01,20:42:32,-07:00,2025-05-01T20:42:32-07:00,0,0
projects\projects.js,90,js,5f98a9ea,Zach Cochran,2025-05-01,20:42:32,-07:00,2025-05-01T20:42:32-07:00,0,43
projects\projects.js,91,js,5f98a9ea,Zach Cochran,2025-05-01,20:42:32,-07:00,2025-05-01T20:42:32-07:00,0,54
projects\projects.js,92,js,5f98a9ea,Zach Cochran,2025-05-01,20:42:32,-07:00,2025-05-01T20:42:32-07:00,0,2
projects\projects.js,93,js,5f98a9ea,Zach Cochran,2025-05-01,20:42:32,-07:00,2025-05-01T20:42:32-07:00,0,2
projects\projects.js,94,js,5f98a9ea,Zach Cochran,2025-05-01,20:42:32,-07:00,2025-05-01T20:42:32-07:00,0,0
projects\projects.js,95,js,5f98a9ea,Zach Cochran,2025-05-01,20:42:32,-07:00,2025-05-01T20:42:32-07:00,0,0
projects\projects.js,96,js,5f98a9ea,Zach Cochran,2025-05-01,20:42:32,-07:00,2025-05-01T20:42:32-07:00,0,16
projects\projects.js,97,js,5f98a9ea,Zach Cochran,2025-05-01,20:42:32,-07:00,2025-05-01T20:42:32-07:00,0,24
projects\projects.js,98,js,5f98a9ea,Zach Cochran,2025-05-01,20:42:32,-07:00,2025-05-01T20:42:32-07:00,0,0
projects\projects.js,99,js,5f98a9ea,Zach Cochran,2025-05-01,20:42:32,-07:00,2025-05-01T20:42:32-07:00,0,22
projects\projects.js,100,js,5f98a9ea,Zach Cochran,2025-05-01,20:42:32,-07:00,2025-05-01T20:42:32-07:00,0,56
projects\projects.js,101,js,5f98a9ea,Zach Cochran,2025-05-01,20:42:32,-07:00,2025-05-01T20:42:32-07:00,0,49
projects\projects.js,102,js,5f98a9ea,Zach Cochran,2025-05-01,20:42:32,-07:00,2025-05-01T20:42:32-07:00,0,40
projects\projects.js,103,js,5f98a9ea,Zach Cochran,2025-05-01,20:42:32,-07:00,2025-05-01T20:42:32-07:00,0,0
projects\projects.js,104,js,5f98a9ea,Zach Cochran,2025-05-01,20:42:32,-07:00,2025-05-01T20:42:32-07:00,0,43
projects\projects.js,105,js,5f98a9ea,Zach Cochran,2025-05-01,20:42:32,-07:00,2025-05-01T20:42:32-07:00,0,54
projects\projects.js,106,js,5f98a9ea,Zach Cochran,2025-05-01,20:42:32,-07:00,2025-05-01T20:42:32-07:00,0,29
projects\projects.js,107,js,5f98a9ea,Zach Cochran,2025-05-01,20:42:32,-07:00,2025-05-01T20:42:32-07:00,0,2
projects\projects.js,108,js,5f98a9ea,Zach Cochran,2025-05-01,20:42:32,-07:00,2025-05-01T20:42:32-07:00,0,0
projects\projects.js,109,js,5f98a9ea,Zach Cochran,2025-05-01,20:42:32,-07:00,2025-05-01T20:42:32-07:00,0,0
projects\index.html,1,html,d29198a1,Zach Cochran,2025-04-04,14:34:07,-07:00,2025-04-04T14:34:07-07:00,0,14
projects\index.html,2,html,d29198a1,Zach Cochran,2025-04-04,14:34:07,-07:00,2025-04-04T14:34:07-07:00,0,15
projects\index.html,3,html,d29198a1,Zach Cochran,2025-04-04,14:34:07,-07:00,2025-04-04T14:34:07-07:00,0,5
projects\index.html,4,html,43615352,Zach Cochran,2025-04-10,19:46:49,-07:00,2025-04-10T19:46:49-07:00,0,39
projects\index.html,5,html,14fd1502,Zach Cochran,2025-04-17,14:24:10,-07:00,2025-04-17T14:24:10-07:00,0,49
projects\index.html,6,html,6029c328,Zach Cochran,2025-04-24,18:19:01,-07:00,2025-04-24T18:19:01-07:00,0,48
projects\index.html,7,html,d29198a1,Zach Cochran,2025-04-04,14:34:07,-07:00,2025-04-04T14:34:07-07:00,0,21
projects\index.html,8,html,d29198a1,Zach Cochran,2025-04-04,14:34:07,-07:00,2025-04-04T14:34:07-07:00,0,69
projects\index.html,9,html,d29198a1,Zach Cochran,2025-04-04,14:34:07,-07:00,2025-04-04T14:34:07-07:00,0,22
projects\index.html,10,html,d29198a1,Zach Cochran,2025-04-04,14:34:07,-07:00,2025-04-04T14:34:07-07:00,0,6
projects\index.html,11,html,d29198a1,Zach Cochran,2025-04-04,14:34:07,-07:00,2025-04-04T14:34:07-07:00,0,5
projects\index.html,12,html,49e5265b,Zach Cochran,2025-04-17,15:07:22,-07:00,2025-04-17T15:07:22-07:00,0,0
projects\index.html,13,html,6029c328,Zach Cochran,2025-04-24,18:19:01,-07:00,2025-04-24T18:19:01-07:00,0,41
projects\index.html,14,html,5f98a9ea,Zach Cochran,2025-05-01,20:42:32,-07:00,2025-05-01T20:42:32-07:00,0,22
projects\index.html,15,html,5f98a9ea,Zach Cochran,2025-05-01,20:42:32,-07:00,2025-05-01T20:42:32-07:00,0,59
projects\index.html,16,html,5f98a9ea,Zach Cochran,2025-05-01,20:42:32,-07:00,2025-05-01T20:42:32-07:00,0,23
projects\index.html,17,html,5f98a9ea,Zach Cochran,2025-05-01,20:42:32,-07:00,2025-05-01T20:42:32-07:00,0,5
projects\index.html,18,html,5f98a9ea,Zach Cochran,2025-05-01,20:42:32,-07:00,2025-05-01T20:42:32-07:00,0,5
projects\index.html,19,html,5f98a9ea,Zach Cochran,2025-05-01,20:42:32,-07:00,2025-05-01T20:42:32-07:00,0,16
projects\index.html,20,html,5f98a9ea,Zach Cochran,2025-05-01,20:42:32,-07:00,2025-05-01T20:42:32-07:00,0,12
projects\index.html,21,html,5f98a9ea,Zach Cochran,2025-05-01,20:42:32,-07:00,2025-05-01T20:42:32-07:00,0,27
projects\index.html,22,html,5f98a9ea,Zach Cochran,2025-05-01,20:42:32,-07:00,2025-05-01T20:42:32-07:00,0,32
projects\index.html,23,html,5f98a9ea,Zach Cochran,2025-05-01,20:42:32,-07:00,2025-05-01T20:42:32-07:00,0,1
projects\index.html,24,html,5f98a9ea,Zach Cochran,2025-05-01,20:42:32,-07:00,2025-05-01T20:42:32-07:00,0,0
projects\index.html,25,html,45b8569a,Zach Cochran,2025-04-11,21:35:53,-07:00,2025-04-11T21:35:53-07:00,0,21
projects\index.html,26,html,45b8569a,Zach Cochran,2025-04-11,21:35:53,-07:00,2025-04-11T21:35:53-07:00,0,5
projects\index.html,27,html,45b8569a,Zach Cochran,2025-04-11,21:35:53,-07:00,2025-04-11T21:35:53-07:00,0,0
projects\index.html,28,html,d29198a1,Zach Cochran,2025-04-04,14:34:07,-07:00,2025-04-04T14:34:07-07:00,0,6
projects\index.html,29,html,d29198a1,Zach Cochran,2025-04-04,14:34:07,-07:00,2025-04-04T14:34:07-07:00,0,6
contact\style.css,1,css,3c4c3d9e,Zach Cochran,2025-04-11,18:46:06,-07:00,2025-04-11T18:46:06-07:00,0,6
contact\style.css,2,css,3c4c3d9e,Zach Cochran,2025-04-11,18:46:06,-07:00,2025-04-11T18:46:06-07:00,0,32
contact\style.css,3,css,3c4c3d9e,Zach Cochran,2025-04-11,18:46:06,-07:00,2025-04-11T18:46:06-07:00,0,33
contact\style.css,4,css,3c4c3d9e,Zach Cochran,2025-04-11,18:46:06,-07:00,2025-04-11T18:46:06-07:00,0,0
contact\style.css,5,css,3c4c3d9e,Zach Cochran,2025-04-11,18:46:06,-07:00,2025-04-11T18:46:06-07:00,0,5
contact\style.css,6,css,3c4c3d9e,Zach Cochran,2025-04-11,18:46:06,-07:00,2025-04-11T18:46:06-07:00,0,44
contact\style.css,7,css,3c4c3d9e,Zach Cochran,2025-04-11,18:46:06,-07:00,2025-04-11T18:46:06-07:00,0,43
contact\style.css,8,css,3c4c3d9e,Zach Cochran,2025-04-11,18:46:06,-07:00,2025-04-11T18:46:06-07:00,0,1
contact\style.css,9,css,3c4c3d9e,Zach Cochran,2025-04-11,18:46:06,-07:00,2025-04-11T18:46:06-07:00,0,24
contact\style.css,10,css,3c4c3d9e,Zach Cochran,2025-04-11,18:46:06,-07:00,2025-04-11T18:46:06-07:00,0,16
contact\style.css,11,css,3c4c3d9e,Zach Cochran,2025-04-11,18:46:06,-07:00,2025-04-11T18:46:06-07:00,0,19
contact\style.css,12,css,3c4c3d9e,Zach Cochran,2025-04-11,18:46:06,-07:00,2025-04-11T18:46:06-07:00,0,12
contact\style.css,13,css,3c4c3d9e,Zach Cochran,2025-04-11,18:46:06,-07:00,2025-04-11T18:46:06-07:00,0,33
contact\style.css,14,css,3c4c3d9e,Zach Cochran,2025-04-11,18:46:06,-07:00,2025-04-11T18:46:06-07:00,0,0
contact\style.css,15,css,5ef1c866,Zach Cochran,2025-04-17,15:49:54,-07:00,2025-04-17T15:49:54-07:00,0,4
contact\style.css,16,css,5ef1c866,Zach Cochran,2025-04-17,15:49:54,-07:00,2025-04-17T15:49:54-07:00,0,37
contact\style.css,17,css,43615352,Zach Cochran,2025-04-10,19:46:49,-07:00,2025-04-10T19:46:49-07:00,0,13
contact\style.css,18,css,43615352,Zach Cochran,2025-04-10,19:46:49,-07:00,2025-04-10T19:46:49-07:00,0,24
contact\style.css,19,css,43615352,Zach Cochran,2025-04-10,19:46:49,-07:00,2025-04-10T19:46:49-07:00,0,26
contact\style.css,20,css,5ef1c866,Zach Cochran,2025-04-17,15:49:54,-07:00,2025-04-17T15:49:54-07:00,0,40
contact\style.css,21,css,43615352,Zach Cochran,2025-04-10,19:46:49,-07:00,2025-04-10T19:46:49-07:00,0,0
contact\style.css,22,css,43615352,Zach Cochran,2025-04-10,19:46:49,-07:00,2025-04-10T19:46:49-07:00,0,2
contact\style.css,23,css,43615352,Zach Cochran,2025-04-10,19:46:49,-07:00,2025-04-10T19:46:49-07:00,0,7
contact\style.css,24,css,43615352,Zach Cochran,2025-04-10,19:46:49,-07:00,2025-04-10T19:46:49-07:00,0,21
contact\style.css,25,css,43615352,Zach Cochran,2025-04-10,19:46:49,-07:00,2025-04-10T19:46:49-07:00,0,13
contact\style.css,26,css,43615352,Zach Cochran,2025-04-10,19:46:49,-07:00,2025-04-10T19:46:49-07:00,0,18
contact\style.css,27,css,43615352,Zach Cochran,2025-04-10,19:46:49,-07:00,2025-04-10T19:46:49-07:00,0,14
contact\style.css,28,css,43615352,Zach Cochran,2025-04-10,19:46:49,-07:00,2025-04-10T19:46:49-07:00,0,18
contact\style.css,29,css,43615352,Zach Cochran,2025-04-10,19:46:49,-07:00,2025-04-10T19:46:49-07:00,0,0
contact\style.css,30,css,5ef1c866,Zach Cochran,2025-04-17,15:49:54,-07:00,2025-04-17T15:49:54-07:00,0,12
contact\style.css,31,css,5ef1c866,Zach Cochran,2025-04-17,15:49:54,-07:00,2025-04-17T15:49:54-07:00,0,26
contact\style.css,32,css,5ef1c866,Zach Cochran,2025-04-17,15:49:54,-07:00,2025-04-17T15:49:54-07:00,0,44
contact\style.css,33,css,5ef1c866,Zach Cochran,2025-04-17,15:49:54,-07:00,2025-04-17T15:49:54-07:00,0,71
contact\style.css,34,css,5ef1c866,Zach Cochran,2025-04-17,15:49:54,-07:00,2025-04-17T15:49:54-07:00,0,18
contact\style.css,35,css,5ef1c866,Zach Cochran,2025-04-17,15:49:54,-07:00,2025-04-17T15:49:54-07:00,0,0
contact\style.css,36,css,43615352,Zach Cochran,2025-04-10,19:46:49,-07:00,2025-04-10T19:46:49-07:00,0,10
contact\style.css,37,css,43615352,Zach Cochran,2025-04-10,19:46:49,-07:00,2025-04-10T19:46:49-07:00,0,25
contact\style.css,38,css,43615352,Zach Cochran,2025-04-10,19:46:49,-07:00,2025-04-10T19:46:49-07:00,0,26
contact\style.css,39,css,43615352,Zach Cochran,2025-04-10,19:46:49,-07:00,2025-04-10T19:46:49-07:00,0,39
contact\style.css,40,css,43615352,Zach Cochran,2025-04-10,19:46:49,-07:00,2025-04-10T19:46:49-07:00,0,18
contact\style.css,41,css,3c4c3d9e,Zach Cochran,2025-04-11,18:46:06,-07:00,2025-04-11T18:46:06-07:00,0,0
contact\style.css,42,css,649de2bf,Zach Cochran,2025-04-11,19:35:16,-07:00,2025-04-11T19:35:16-07:00,0,5
contact\style.css,43,css,649de2bf,Zach Cochran,2025-04-11,19:35:16,-07:00,2025-04-11T19:35:16-07:00,0,13
contact\style.css,44,css,649de2bf,Zach Cochran,2025-04-11,19:35:16,-07:00,2025-04-11T19:35:16-07:00,0,31
contact\style.css,45,css,649de2bf,Zach Cochran,2025-04-11,19:35:16,-07:00,2025-04-11T19:35:16-07:00,0,8
contact\style.css,46,css,649de2bf,Zach Cochran,2025-04-11,19:35:16,-07:00,2025-04-11T19:35:16-07:00,0,0
contact\style.css,47,css,649de2bf,Zach Cochran,2025-04-11,19:35:16,-07:00,2025-04-11T19:35:16-07:00,0,13
contact\style.css,48,css,649de2bf,Zach Cochran,2025-04-11,19:35:16,-07:00,2025-04-11T19:35:16-07:00,0,19
contact\style.css,49,css,649de2bf,Zach Cochran,2025-04-11,19:35:16,-07:00,2025-04-11T19:35:16-07:00,0,0
contact\style.css,50,css,5ef1c866,Zach Cochran,2025-04-17,15:49:54,-07:00,2025-04-17T15:49:54-07:00,0,0
contact\style.css,51,css,649de2bf,Zach Cochran,2025-04-11,19:35:16,-07:00,2025-04-11T19:35:16-07:00,0,6
contact\style.css,52,css,649de2bf,Zach Cochran,2025-04-11,19:35:16,-07:00,2025-04-11T19:35:16-07:00,0,13
contact\style.css,53,css,649de2bf,Zach Cochran,2025-04-11,19:35:16,-07:00,2025-04-11T19:35:16-07:00,0,30
contact\style.css,54,css,5ef1c866,Zach Cochran,2025-04-17,15:49:54,-07:00,2025-04-17T15:49:54-07:00,0,0
contact\style.css,55,css,5ef1c866,Zach Cochran,2025-04-17,15:49:54,-07:00,2025-04-17T15:49:54-07:00,0,14
contact\style.css,56,css,5ef1c866,Zach Cochran,2025-04-17,15:49:54,-07:00,2025-04-17T15:49:54-07:00,0,18
contact\style.css,57,css,5ef1c866,Zach Cochran,2025-04-17,15:49:54,-07:00,2025-04-17T15:49:54-07:00,0,9
contact\style.css,58,css,5ef1c866,Zach Cochran,2025-04-17,15:49:54,-07:00,2025-04-17T15:49:54-07:00,0,11
contact\style.css,59,css,5ef1c866,Zach Cochran,2025-04-17,15:49:54,-07:00,2025-04-17T15:49:54-07:00,0,14
contact\style.css,60,css,5ef1c866,Zach Cochran,2025-04-17,15:49:54,-07:00,2025-04-17T15:49:54-07:00,0,20
contact\style.css,61,css,5ef1c866,Zach Cochran,2025-04-17,15:49:54,-07:00,2025-04-17T15:49:54-07:00,0,16
contact\style.css,62,css,5ef1c866,Zach Cochran,2025-04-17,15:49:54,-07:00,2025-04-17T15:49:54-07:00,0,14
contact\style.css,63,css,5ef1c866,Zach Cochran,2025-04-17,15:49:54,-07:00,2025-04-17T15:49:54-07:00,0,0
contact\style.css,64,css,5ef1c866,Zach Cochran,2025-04-17,15:49:54,-07:00,2025-04-17T15:49:54-07:00,0,0
contact\style.css,65,css,5ef1c866,Zach Cochran,2025-04-17,15:49:54,-07:00,2025-04-17T15:49:54-07:00,0,21
contact\style.css,66,css,5ef1c866,Zach Cochran,2025-04-17,15:49:54,-07:00,2025-04-17T15:49:54-07:00,0,20
contact\style.css,67,css,5ef1c866,Zach Cochran,2025-04-17,15:49:54,-07:00,2025-04-17T15:49:54-07:00,0,15
contact\style.css,68,css,5ef1c866,Zach Cochran,2025-04-17,15:49:54,-07:00,2025-04-17T15:49:54-07:00,0,18
contact\style.css,69,css,5ef1c866,Zach Cochran,2025-04-17,15:49:54,-07:00,2025-04-17T15:49:54-07:00,0,17
contact\style.css,70,css,5ef1c866,Zach Cochran,2025-04-17,15:49:54,-07:00,2025-04-17T15:49:54-07:00,0,51
contact\style.css,71,css,5ef1c866,Zach Cochran,2025-04-17,15:49:54,-07:00,2025-04-17T15:49:54-07:00,0,18
contact\style.css,72,css,5ef1c866,Zach Cochran,2025-04-17,15:49:54,-07:00,2025-04-17T15:49:54-07:00,0,16
contact\style.css,73,css,43615352,Zach Cochran,2025-04-10,19:46:49,-07:00,2025-04-10T19:46:49-07:00,0,0
contact\index.html,1,html,d29198a1,Zach Cochran,2025-04-04,14:34:07,-07:00,2025-04-04T14:34:07-07:00,0,14
contact\index.html,2,html,d29198a1,Zach Cochran,2025-04-04,14:34:07,-07:00,2025-04-04T14:34:07-07:00,0,15
contact\index.html,3,html,d29198a1,Zach Cochran,2025-04-04,14:34:07,-07:00,2025-04-04T14:34:07-07:00,0,5
contact\index.html,4,html,43615352,Zach Cochran,2025-04-10,19:46:49,-07:00,2025-04-10T19:46:49-07:00,0,39
contact\index.html,5,html,14fd1502,Zach Cochran,2025-04-17,14:24:10,-07:00,2025-04-17T14:24:10-07:00,0,49
contact\index.html,6,html,d29198a1,Zach Cochran,2025-04-04,14:34:07,-07:00,2025-04-04T14:34:07-07:00,0,21
contact\index.html,7,html,d29198a1,Zach Cochran,2025-04-04,14:34:07,-07:00,2025-04-04T14:34:07-07:00,0,69
contact\index.html,8,html,d29198a1,Zach Cochran,2025-04-04,14:34:07,-07:00,2025-04-04T14:34:07-07:00,0,21
contact\index.html,9,html,d29198a1,Zach Cochran,2025-04-04,14:34:07,-07:00,2025-04-04T14:34:07-07:00,0,6
contact\index.html,10,html,d29198a1,Zach Cochran,2025-04-04,14:34:07,-07:00,2025-04-04T14:34:07-07:00,0,5
contact\index.html,11,html,d29198a1,Zach Cochran,2025-04-04,14:34:07,-07:00,2025-04-04T14:34:07-07:00,0,15
contact\index.html,12,html,d29198a1,Zach Cochran,2025-04-04,14:34:07,-07:00,2025-04-04T14:34:07-07:00,0,75
contact\index.html,13,html,649de2bf,Zach Cochran,2025-04-11,19:35:16,-07:00,2025-04-11T19:35:16-07:00,0,18
contact\index.html,14,html,649de2bf,Zach Cochran,2025-04-11,19:35:16,-07:00,2025-04-11T19:35:16-07:00,0,13
contact\index.html,15,html,649de2bf,Zach Cochran,2025-04-11,19:35:16,-07:00,2025-04-11T19:35:16-07:00,0,41
contact\index.html,16,html,649de2bf,Zach Cochran,2025-04-11,19:35:16,-07:00,2025-04-11T19:35:16-07:00,0,7
contact\index.html,17,html,649de2bf,Zach Cochran,2025-04-11,19:35:16,-07:00,2025-04-11T19:35:16-07:00,0,20
contact\index.html,18,html,649de2bf,Zach Cochran,2025-04-11,19:35:16,-07:00,2025-04-11T19:35:16-07:00,0,7
contact\index.html,19,html,649de2bf,Zach Cochran,2025-04-11,19:35:16,-07:00,2025-04-11T19:35:16-07:00,0,30
contact\index.html,20,html,649de2bf,Zach Cochran,2025-04-11,19:35:16,-07:00,2025-04-11T19:35:16-07:00,0,7
contact\index.html,21,html,649de2bf,Zach Cochran,2025-04-11,19:35:16,-07:00,2025-04-11T19:35:16-07:00,0,17
contact\index.html,22,html,649de2bf,Zach Cochran,2025-04-11,19:35:16,-07:00,2025-04-11T19:35:16-07:00,0,7
contact\index.html,23,html,649de2bf,Zach Cochran,2025-04-11,19:35:16,-07:00,2025-04-11T19:35:16-07:00,0,41
contact\index.html,24,html,649de2bf,Zach Cochran,2025-04-11,19:35:16,-07:00,2025-04-11T19:35:16-07:00,0,7
contact\index.html,25,html,d29198a1,Zach Cochran,2025-04-04,14:34:07,-07:00,2025-04-04T14:34:07-07:00,0,28
contact\index.html,26,html,649de2bf,Zach Cochran,2025-04-11,19:35:16,-07:00,2025-04-11T19:35:16-07:00,0,6
contact\index.html,27,html,d29198a1,Zach Cochran,2025-04-04,14:34:07,-07:00,2025-04-04T14:34:07-07:00,0,6
contact\index.html,28,html,d29198a1,Zach Cochran,2025-04-04,14:34:07,-07:00,2025-04-04T14:34:07-07:00,0,6
